番号,都道府県,市郡,区町村,男,女,,
01101,北海道,札幌市,中央区,81.6,87.5,,
01102,北海道,札幌市,北区,81.3,87.5,,
01103,北海道,札幌市,東区,81.0,87.2,,
01104,北海道,札幌市,白石区,80.4,87.1,,
01105,北海道,札幌市,豊平区,81.0,87.4,,
01106,北海道,札幌市,南区,81.6,87.5,,
01107,北海道,札幌市,西区,81.4,87.3,,
01108,北海道,札幌市,厚別区,81.8,87.5,,
01109,北海道,札幌市,手稲区,81.8,87.5,,
01110,北海道,札幌市,清田区,81.5,87.6,,
01202,北海道,函館市,  ,79.3,86.3,,
01203,北海道,小樽市,  ,80.5,86.5,,
01204,北海道,旭川市,  ,80.8,86.9,,
01205,北海道,室蘭市,  ,79.9,86.4,,
01206,北海道,釧路市,  ,80.0,86.2,,
01207,北海道,帯広市,  ,81.2,87.1,,
01208,北海道,北見市,  ,81.1,87.1,,
01209,北海道,夕張市,  ,80.4,86.7,,
01210,北海道,岩見沢市,  ,80.3,87.1,,
01211,北海道,網走市,  ,80.9,87.0,,
01212,北海道,留萌市,  ,80.9,86.7,,
01213,北海道,苫小牧市,  ,80.6,86.7,,
01214,北海道,稚内市,  ,80.3,86.5,,
01215,北海道,美唄市,  ,80.5,86.9,,
01216,北海道,芦別市,  ,80.5,86.6,,
01217,北海道,江別市,  ,82.1,88.2,,
01218,北海道,赤平市,  ,79.2,86.8,,
01219,北海道,紋別市,  ,80.5,86.8,,
01220,北海道,士別市,  ,82.0,88.1,,
01221,北海道,名寄市,  ,81.8,88.1,,
01222,北海道,三笠市,  ,80.1,86.7,,
01223,北海道,根室市,  ,80.0,86.4,,
01224,北海道,千歳市,  ,82.2,86.9,,
01225,北海道,滝川市,  ,80.3,87.1,,
01226,北海道,砂川市,  ,81.0,87.0,,
01227,北海道,歌志内市,  ,80.4,86.9,,
01228,北海道,深川市,  ,81.0,87.2,,
01229,北海道,富良野市,  ,81.6,87.5,,
01230,北海道,登別市,  ,81.0,87.1,,
01231,北海道,恵庭市,  ,81.7,87.7,,
01233,北海道,伊達市,  ,81.0,86.3,,
01234,北海道,北広島市,  ,81.8,88.2,,
01235,北海道,石狩市,  ,81.1,87.6,,
01236,北海道,北斗市,  ,80.4,86.4,,
01303,北海道,石狩郡,当別町,81.6,87.5,,
01304,北海道,石狩郡,新篠津村,80.5,86.4,,
01331,北海道,松前郡,松前町,79.9,86.4,,
01332,北海道,松前郡,福島町,80.1,86.9,,
01333,北海道,上磯郡,知内町,80.9,86.9,,
01334,北海道,上磯郡,木古内町,80.8,86.6,,
01337,北海道,亀田郡,七飯町,80.5,86.9,,
01343,北海道,茅部郡,鹿部町,80.1,86.9,,
01345,北海道,茅部郡,森町,80.3,85.9,,
01346,北海道,二海郡,八雲町,80.7,87.2,,
01347,北海道,山越郡,長万部町,80.9,87.1,,
01361,北海道,檜山郡,江差町,80.4,87.1,,
01362,北海道,檜山郡,上ノ国町,80.6,85.9,,
01363,北海道,檜山郡,厚沢部町,81.2,87.1,,
01364,北海道,爾志郡,乙部町,80.8,86.9,,
01367,北海道,奥尻郡,奥尻町,80.8,86.5,,
01370,北海道,瀬棚郡,今金町,81.0,87.3,,
01371,北海道,久遠郡,せたな町,81.1,87.4,,
01391,北海道,島牧郡,島牧村,80.7,87.1,,
01392,北海道,寿都郡,寿都町,81.0,86.9,,
01393,北海道,寿都郡,黒松内町,80.7,87.2,,
01394,北海道,磯谷郡,蘭越町,81.0,87.2,,
01395,北海道,虻田郡,ニセコ町,81.2,87.1,,
01396,北海道,虻田郡,真狩村,81.0,87.3,,
01397,北海道,虻田郡,留寿都村,81.4,87.2,,
01398,北海道,虻田郡,喜茂別町,80.7,87.0,,
01399,北海道,虻田郡,京極町,81.1,86.9,,
01400,北海道,虻田郡,倶知安町,81.5,87.5,,
01401,北海道,岩内郡,共和町,80.8,87.1,,
01402,北海道,岩内郡,岩内町,79.7,85.9,,
01403,北海道,古宇郡,泊村,80.6,86.9,,
01404,北海道,古宇郡,神恵内村,81.0,87.1,,
01405,北海道,積丹郡,積丹町,80.5,87.2,,
01406,北海道,古平郡,古平町,80.9,86.8,,
01407,北海道,余市郡,仁木町,80.7,87.1,,
01408,北海道,余市郡,余市町,81.2,87.2,,
01409,北海道,余市郡,赤井川村,80.8,87.0,,
01423,北海道,空知郡,南幌町,81.3,87.3,,
01424,北海道,空知郡,奈井江町,81.0,86.7,,
01425,北海道,空知郡,上砂川町,80.0,87.1,,
01427,北海道,夕張郡,由仁町,81.0,87.5,,
01428,北海道,夕張郡,長沼町,81.0,87.6,,
01429,北海道,夕張郡,栗山町,81.7,87.0,,
01430,北海道,樺戸郡,月形町,80.8,87.0,,
01431,北海道,樺戸郡,浦臼町,81.0,87.2,,
01432,北海道,樺戸郡,新十津川町,80.5,87.7,,
01433,北海道,雨竜郡,妹背牛町,80.7,87.0,,
01434,北海道,雨竜郡,秩父別町,80.8,87.5,,
01436,北海道,雨竜郡,雨竜町,80.9,87.1,,
01437,北海道,雨竜郡,北竜町,80.5,87.3,,
01438,北海道,雨竜郡,沼田町,81.3,87.1,,
01452,北海道,上川郡,鷹栖町,81.1,87.2,,
01453,北海道,上川郡,東神楽町,80.9,87.4,,
01454,北海道,上川郡,当麻町,81.5,87.4,,
01455,北海道,上川郡,比布町,80.7,87.2,,
01456,北海道,上川郡,愛別町,81.0,87.3,,
01457,北海道,上川郡,上川町,81.6,87.4,,
01458,北海道,上川郡,東川町,81.2,87.3,,
01459,北海道,上川郡,美瑛町,81.7,87.7,,
01460,北海道,空知郡,上富良野町,81.3,87.9,,
01461,北海道,空知郡,中富良野町,81.3,87.1,,
01462,北海道,空知郡,南富良野町,80.9,87.0,,
01463,北海道,勇払郡,占冠村,80.6,87.4,,
01464,北海道,上川郡,和寒町,81.0,87.2,,
01465,北海道,上川郡,剣淵町,81.2,87.5,,
01468,北海道,上川郡,下川町,81.0,87.1,,
01469,北海道,中川郡,美深町,81.3,87.5,,
01470,北海道,中川郡,音威子府村,81.1,87.2,,
01471,北海道,中川郡,中川町,81.0,87.0,,
01472,北海道,雨竜郡,幌加内町,80.8,87.3,,
01481,北海道,増毛郡,増毛町,80.7,87.1,,
01482,北海道,留萌郡,小平町,80.6,87.3,,
01483,北海道,苫前郡,苫前町,81.2,87.1,,
01484,北海道,苫前郡,羽幌町,81.4,87.3,,
01485,北海道,苫前郡,初山別村,81.1,87.3,,
01486,北海道,天塩郡,遠別町,80.8,86.9,,
01487,北海道,天塩郡,天塩町,81.0,87.4,,
01511,北海道,宗谷郡,猿払村,80.7,87.0,,
01512,北海道,枝幸郡,浜頓別町,80.8,87.3,,
01513,北海道,枝幸郡,中頓別町,81.0,87.2,,
01514,北海道,枝幸郡,枝幸町,80.6,86.1,,
01516,北海道,天塩郡,豊富町,81.1,87.2,,
01517,北海道,礼文郡,礼文町,81.2,86.7,,
01518,北海道,利尻郡,利尻町,81.2,87.0,,
01519,北海道,利尻郡,利尻富士町,81.2,86.7,,
01520,北海道,天塩郡,幌延町,80.9,86.9,,
01543,北海道,網走郡,美幌町,80.8,87.5,,
01544,北海道,網走郡,津別町,80.3,87.0,,
01545,北海道,斜里郡,斜里町,81.2,87.2,,
01546,北海道,斜里郡,清里町,80.5,87.5,,
01547,北海道,斜里郡,小清水町,80.3,86.9,,
01549,北海道,常呂郡,訓子府町,81.1,87.3,,
01550,北海道,常呂郡,置戸町,81.0,87.1,,
01552,北海道,常呂郡,佐呂間町,81.1,87.3,,
01555,北海道,紋別郡,遠軽町,81.4,87.6,,
01559,北海道,紋別郡,湧別町,80.8,87.0,,
01560,北海道,紋別郡,滝上町,81.0,86.9,,
01561,北海道,紋別郡,興部町,80.9,87.3,,
01562,北海道,紋別郡,西興部村,80.8,87.2,,
01563,北海道,紋別郡,雄武町,80.2,87.0,,
01564,北海道,網走郡,大空町,80.9,86.7,,
01571,北海道,虻田郡,豊浦町,81.0,87.2,,
01575,北海道,有珠郡,壮瞥町,81.0,87.5,,
01578,北海道,白老郡,白老町,80.4,86.9,,
01581,北海道,勇払郡,厚真町,80.9,87.2,,
01584,北海道,虻田郡,洞爺湖町,80.5,86.9,,
01585,北海道,勇払郡,安平町,80.7,87.3,,
01586,北海道,勇払郡,むかわ町,80.9,87.0,,
01601,北海道,沙流郡,日高町,80.9,86.9,,
01602,北海道,沙流郡,平取町,80.6,87.0,,
01604,北海道,新冠郡,新冠町,80.3,86.9,,
01607,北海道,浦河郡,浦河町,80.4,87.0,,
01608,北海道,様似郡,様似町,80.9,87.1,,
01609,北海道,幌泉郡,えりも町,80.6,86.5,,
01610,北海道,日高郡,新ひだか町,80.9,86.7,,
01631,北海道,河東郡,音更町,81.2,87.1,,
01632,北海道,河東郡,士幌町,81.3,86.8,,
01633,北海道,河東郡,上士幌町,81.1,86.9,,
01634,北海道,河東郡,鹿追町,81.8,87.5,,
01635,北海道,上川郡,新得町,80.5,87.1,,
01636,北海道,上川郡,清水町,81.5,87.6,,
01637,北海道,河西郡,芽室町,82.1,87.8,,
01638,北海道,河西郡,中札内村,81.1,87.5,,
01639,北海道,河西郡,更別村,81.4,87.4,,
01641,北海道,広尾郡,大樹町,81.3,87.3,,
01642,北海道,広尾郡,広尾町,80.6,87.1,,
01643,北海道,中川郡,幕別町,81.7,87.1,,
01644,北海道,中川郡,池田町,81.0,87.1,,
01645,北海道,中川郡,豊頃町,81.5,87.2,,
01646,北海道,中川郡,本別町,80.4,86.8,,
01647,北海道,足寄郡,足寄町,81.8,87.3,,
01648,北海道,足寄郡,陸別町,80.8,87.1,,
01649,北海道,十勝郡,浦幌町,81.3,86.7,,
01661,北海道,釧路郡,釧路町,81.1,87.5,,
01662,北海道,厚岸郡,厚岸町,81.0,87.2,,
01663,北海道,厚岸郡,浜中町,80.8,86.9,,
01664,北海道,川上郡,標茶町,80.9,87.3,,
01665,北海道,川上郡,弟子屈町,80.6,86.8,,
01667,北海道,阿寒郡,鶴居村,81.0,87.4,,
01668,北海道,白糠郡,白糠町,80.6,86.8,,
01691,北海道,野付郡,別海町,80.9,85.8,,
01692,北海道,標津郡,中標津町,81.2,86.9,,
01693,北海道,標津郡,標津町,80.5,87.0,,
01694,北海道,目梨郡,羅臼町,80.3,86.8,,
02201,青森県,青森市,  ,79.9,86.2,,
02202,青森県,弘前市,  ,79.2,86.4,,
02203,青森県,八戸市,  ,79.3,86.4,,
02204,青森県,黒石市,  ,79.3,86.0,,
02205,青森県,五所川原市,  ,79.5,86.3,,
02206,青森県,十和田市,  ,79.2,86.7,,
02207,青森県,三沢市,  ,79.8,87.1,,
02208,青森県,むつ市,  ,78.4,85.6,,
02209,青森県,つがる市,  ,79.6,87.1,,
02210,青森県,平川市,  ,79.8,86.0,,
02301,青森県,東津軽郡,平内町,78.6,86.2,,
02303,青森県,東津軽郡,今別町,79.1,85.5,,
02304,青森県,東津軽郡,蓬田村,79.4,86.2,,
02307,青森県,東津軽郡,外ヶ浜町,79.2,86.5,,
02321,青森県,西津軽郡,鰺ヶ沢町,78.8,86.4,,
02323,青森県,西津軽郡,深浦町,79.0,86.4,,
02343,青森県,中津軽郡,西目屋村,79.3,86.6,,
02361,青森県,南津軽郡,藤崎町,79.9,86.2,,
02362,青森県,南津軽郡,大鰐町,79.4,85.6,,
02367,青森県,南津軽郡,田舎館村,79.1,85.5,,
02381,青森県,北津軽郡,板柳町,79.3,86.9,,
02384,青森県,北津軽郡,鶴田町,78.9,86.5,,
02387,青森県,北津軽郡,中泊町,78.7,86.3,,
02401,青森県,上北郡,野辺地町,79.2,86.5,,
02402,青森県,上北郡,七戸町,79.4,85.9,,
02405,青森県,上北郡,六戸町,78.7,86.4,,
02406,青森県,上北郡,横浜町,79.3,86.4,,
02408,青森県,上北郡,東北町,78.7,86.3,,
02411,青森県,上北郡,六ヶ所村,78.3,85.9,,
02412,青森県,上北郡,おいらせ町,79.4,86.3,,
02423,青森県,下北郡,大間町,78.4,86.6,,
02424,青森県,下北郡,東通村,78.1,86.1,,
02425,青森県,下北郡,風間浦村,78.6,85.8,,
02426,青森県,下北郡,佐井村,79.0,86.1,,
02441,青森県,三戸郡,三戸町,78.5,86.7,,
02442,青森県,三戸郡,五戸町,79.1,86.9,,
02443,青森県,三戸郡,田子町,79.6,86.2,,
02445,青森県,三戸郡,南部町,78.9,86.2,,
02446,青森県,三戸郡,階上町,79.3,86.4,,
02450,青森県,三戸郡,新郷村,78.7,86.7,,
03201,岩手県,盛岡市,  ,81.3,87.4,,
03202,岩手県,宮古市,  ,79.9,86.3,,
03203,岩手県,大船渡市,  ,80.7,86.7,,
03205,岩手県,花巻市,  ,80.8,86.8,,
03206,岩手県,北上市,  ,81.0,86.8,,
03207,岩手県,久慈市,  ,79.7,86.8,,
03208,岩手県,遠野市,  ,80.5,86.9,,
03209,岩手県,一関市,  ,80.3,87.1,,
03210,岩手県,陸前高田市,  ,80.7,87.3,,
03211,岩手県,釜石市,  ,79.4,86.5,,
03213,岩手県,二戸市,  ,80.1,87.1,,
03214,岩手県,八幡平市,  ,80.3,87.5,,
03215,岩手県,奥州市,  ,81.3,87.5,,
03216,岩手県,滝沢市,  ,81.5,87.6,,
03301,岩手県,岩手郡,雫石町,80.9,87.0,,
03302,岩手県,岩手郡,葛巻町,80.3,86.9,,
03303,岩手県,岩手郡,岩手町,80.2,86.7,,
03321,岩手県,紫波郡,紫波町,81.2,86.9,,
03322,岩手県,紫波郡,矢巾町,81.1,87.6,,
03366,岩手県,和賀郡,西和賀町,80.9,87.3,,
03381,岩手県,胆沢郡,金ケ崎町,81.0,87.1,,
03402,岩手県,西磐井郡,平泉町,80.6,87.2,,
03441,岩手県,気仙郡,住田町,80.5,87.3,,
03461,岩手県,上閉伊郡,大槌町,79.3,86.4,,
03482,岩手県,下閉伊郡,山田町,80.2,87.0,,
03483,岩手県,下閉伊郡,岩泉町,79.9,86.9,,
03484,岩手県,下閉伊郡,田野畑村,80.5,86.7,,
03485,岩手県,下閉伊郡,普代村,80.4,87.1,,
03501,岩手県,九戸郡,軽米町,80.2,87.2,,
03503,岩手県,九戸郡,野田村,80.7,86.9,,
03506,岩手県,九戸郡,九戸村,80.3,87.4,,
03507,岩手県,九戸郡,洋野町,80.0,87.0,,
03524,岩手県,二戸郡,一戸町,80.3,86.6,,
04101,宮城県,仙台市,青葉区,82.3,88.0,,
04102,宮城県,仙台市,宮城野区,82.1,88.0,,
04103,宮城県,仙台市,若林区,82.2,88.0,,
04104,宮城県,仙台市,太白区,82.1,88.3,,
04105,宮城県,仙台市,泉区,83.2,88.4,,
04202,宮城県,石巻市,  ,80.8,86.9,,
04203,宮城県,塩竈市,  ,81.2,87.2,,
04205,宮城県,気仙沼市,  ,81.0,87.5,,
04206,宮城県,白石市,  ,81.3,87.5,,
04207,宮城県,名取市,  ,82.1,87.4,,
04208,宮城県,角田市,  ,81.6,87.0,,
04209,宮城県,多賀城市,  ,81.8,87.5,,
04211,宮城県,岩沼市,  ,81.8,87.4,,
04212,宮城県,登米市,  ,81.0,87.0,,
04213,宮城県,栗原市,  ,81.4,87.4,,
04214,宮城県,東松島市,  ,81.2,86.9,,
04215,宮城県,大崎市,  ,80.8,86.7,,
04216,宮城県,富谷市,  ,82.8,88.1,,
04301,宮城県,刈田郡,蔵王町,81.4,87.7,,
04302,宮城県,刈田郡,七ヶ宿町,81.6,87.2,,
04321,宮城県,柴田郡,大河原町,81.8,87.3,,
04322,宮城県,柴田郡,村田町,81.3,87.2,,
04323,宮城県,柴田郡,柴田町,81.2,87.2,,
04324,宮城県,柴田郡,川崎町,81.8,87.6,,
04341,宮城県,伊具郡,丸森町,81.4,87.4,,
04361,宮城県,亘理郡,亘理町,81.6,87.5,,
04362,宮城県,亘理郡,山元町,81.9,87.8,,
04401,宮城県,宮城郡,松島町,81.4,86.9,,
04404,宮城県,宮城郡,七ヶ浜町,81.3,86.4,,
04406,宮城県,宮城郡,利府町,82.7,87.8,,
04421,宮城県,黒川郡,大和町,81.6,87.7,,
04422,宮城県,黒川郡,大郷町,81.5,87.3,,
04424,宮城県,黒川郡,大衡村,81.7,87.3,,
04444,宮城県,加美郡,色麻町,81.6,87.1,,
04445,宮城県,加美郡,加美町,81.5,87.3,,
04501,宮城県,遠田郡,涌谷町,81.1,86.8,,
04505,宮城県,遠田郡,美里町,81.3,87.5,,
04581,宮城県,牡鹿郡,女川町,81.7,87.5,,
04606,宮城県,本吉郡,南三陸町,81.3,87.4,,
05201,秋田県,秋田市,  ,81.2,87.5,,
05202,秋田県,能代市,  ,80.2,86.8,,
05203,秋田県,横手市,  ,81.1,87.4,,
05204,秋田県,大館市,  ,79.7,87.2,,
05206,秋田県,男鹿市,  ,80.1,86.5,,
05207,秋田県,湯沢市,  ,80.4,86.5,,
05209,秋田県,鹿角市,  ,80.0,87.1,,
05210,秋田県,由利本荘市,  ,80.7,87.3,,
05211,秋田県,潟上市,  ,80.3,87.0,,
05212,秋田県,大仙市,  ,79.9,86.8,,
05213,秋田県,北秋田市,  ,80.1,86.3,,
05214,秋田県,にかほ市,  ,80.5,87.3,,
05215,秋田県,仙北市,  ,80.3,87.2,,
05303,秋田県,鹿角郡,小坂町,79.6,87.2,,
05327,秋田県,北秋田郡,上小阿仁村,80.5,87.1,,
05346,秋田県,山本郡,藤里町,79.9,87.0,,
05348,秋田県,山本郡,三種町,79.7,86.7,,
05349,秋田県,山本郡,八峰町,80.2,87.1,,
05361,秋田県,南秋田郡,五城目町,80.5,86.8,,
05363,秋田県,南秋田郡,八郎潟町,80.3,87.6,,
05366,秋田県,南秋田郡,井川町,80.4,87.5,,
05368,秋田県,南秋田郡,大潟村,80.7,87.2,,
05434,秋田県,仙北郡,美郷町,80.7,87.2,,
05463,秋田県,雄勝郡,羽後町,80.4,86.7,,
05464,秋田県,雄勝郡,東成瀬村,80.5,87.2,,
06201,山形県,山形市,  ,82.5,87.9,,
06202,山形県,米沢市,  ,80.9,87.2,,
06203,山形県,鶴岡市,  ,80.9,87.6,,
06204,山形県,酒田市,  ,81.0,87.0,,
06205,山形県,新庄市,  ,79.9,86.8,,
06206,山形県,寒河江市,  ,81.8,87.7,,
06207,山形県,上山市,  ,81.1,87.4,,
06208,山形県,村山市,  ,81.7,87.5,,
06209,山形県,長井市,  ,81.3,88.0,,
06210,山形県,天童市,  ,82.4,87.4,,
06211,山形県,東根市,  ,81.9,88.2,,
06212,山形県,尾花沢市,  ,81.7,87.1,,
06213,山形県,南陽市,  ,81.1,86.7,,
06301,山形県,東村山郡,山辺町,81.5,87.3,,
06302,山形県,東村山郡,中山町,81.5,87.9,,
06321,山形県,西村山郡,河北町,81.2,88.1,,
06322,山形県,西村山郡,西川町,81.1,87.3,,
06323,山形県,西村山郡,朝日町,81.6,87.5,,
06324,山形県,西村山郡,大江町,81.4,86.9,,
06341,山形県,北村山郡,大石田町,81.2,86.2,,
06361,山形県,最上郡,金山町,80.9,87.1,,
06362,山形県,最上郡,最上町,81.5,87.4,,
06363,山形県,最上郡,舟形町,80.0,86.5,,
06364,山形県,最上郡,真室川町,80.1,86.7,,
06365,山形県,最上郡,大蔵村,81.0,85.8,,
06366,山形県,最上郡,鮭川村,81.5,86.9,,
06367,山形県,最上郡,戸沢村,80.5,86.7,,
06381,山形県,東置賜郡,高畠町,80.9,87.7,,
06382,山形県,東置賜郡,川西町,81.3,87.6,,
06401,山形県,西置賜郡,小国町,81.2,86.9,,
06402,山形県,西置賜郡,白鷹町,81.4,86.1,,
06403,山形県,西置賜郡,飯豊町,81.4,87.1,,
06426,山形県,東田川郡,三川町,81.4,87.8,,
06428,山形県,東田川郡,庄内町,80.3,86.9,,
06461,山形県,飽海郡,遊佐町,80.7,87.4,,
07201,福島県,福島市,  ,81.6,87.4,,
07202,福島県,会津若松市,  ,80.6,87.1,,
07203,福島県,郡山市,  ,81.0,87.1,,
07204,福島県,いわき市,  ,80.4,86.8,,
07205,福島県,白河市,  ,80.8,87.3,,
07207,福島県,須賀川市,  ,80.8,87.2,,
07208,福島県,喜多方市,  ,80.6,87.2,,
07209,福島県,相馬市,  ,80.2,86.6,,
07210,福島県,二本松市,  ,81.5,87.4,,
07211,福島県,田村市,  ,80.6,86.6,,
07212,福島県,南相馬市,  ,81.1,86.7,,
07213,福島県,伊達市,  ,81.0,87.2,,
07214,福島県,本宮市,  ,80.7,87.0,,
07301,福島県,伊達郡,桑折町,80.8,86.7,,
07303,福島県,伊達郡,国見町,80.5,87.2,,
07308,福島県,伊達郡,川俣町,80.5,86.8,,
07322,福島県,安達郡,大玉村,80.9,87.3,,
07342,福島県,岩瀬郡,鏡石町,81.0,86.8,,
07344,福島県,岩瀬郡,天栄村,80.1,86.4,,
07362,福島県,南会津郡,下郷町,80.6,87.3,,
07364,福島県,南会津郡,檜枝岐村,81.0,87.1,,
07367,福島県,南会津郡,只見町,80.2,87.3,,
07368,福島県,南会津郡,南会津町,80.7,87.1,,
07402,福島県,耶麻郡,北塩原村,80.8,87.1,,
07405,福島県,耶麻郡,西会津町,80.6,87.3,,
07407,福島県,耶麻郡,磐梯町,80.9,87.0,,
07408,福島県,耶麻郡,猪苗代町,80.4,87.1,,
07421,福島県,河沼郡,会津坂下町,80.8,87.2,,
07422,福島県,河沼郡,湯川村,81.1,87.1,,
07423,福島県,河沼郡,柳津町,81.0,87.0,,
07444,福島県,大沼郡,三島町,80.9,87.0,,
07445,福島県,大沼郡,金山町,80.5,87.1,,
07446,福島県,大沼郡,昭和村,80.7,87.1,,
07447,福島県,大沼郡,会津美里町,80.5,86.8,,
07461,福島県,西白河郡,西郷村,80.1,86.5,,
07464,福島県,西白河郡,泉崎村,80.9,87.1,,
07465,福島県,西白河郡,中島村,80.7,87.3,,
07466,福島県,西白河郡,矢吹町,80.3,87.2,,
07481,福島県,東白川郡,棚倉町,80.6,86.7,,
07482,福島県,東白川郡,矢祭町,81.2,86.7,,
07483,福島県,東白川郡,塙町,80.6,87.4,,
07484,福島県,東白川郡,鮫川村,81.0,87.0,,
07501,福島県,石川郡,石川町,81.1,86.7,,
07502,福島県,石川郡,玉川村,80.9,86.2,,
07503,福島県,石川郡,平田村,80.2,86.7,,
07504,福島県,石川郡,浅川町,80.8,86.9,,
07505,福島県,石川郡,古殿町,80.9,86.9,,
07521,福島県,田村郡,三春町,81.2,87.3,,
07522,福島県,田村郡,小野町,80.9,87.0,,
07541,福島県,双葉郡,広野町,81.3,87.1,,
07561,福島県,相馬郡,新地町,81.0,86.9,,
08201,茨城県,水戸市,  ,81.0,87.1,,
08202,茨城県,日立市,  ,81.6,87.1,,
08203,茨城県,土浦市,  ,80.9,86.8,,
08204,茨城県,古河市,  ,80.1,86.5,,
08205,茨城県,石岡市,  ,80.5,86.8,,
08207,茨城県,結城市,  ,80.9,86.5,,
08208,茨城県,龍ケ崎市,  ,81.3,86.8,,
08210,茨城県,下妻市,  ,80.7,87.2,,
08211,茨城県,常総市,  ,80.6,87.1,,
08212,茨城県,常陸太田市,  ,81.2,87.1,,
08214,茨城県,高萩市,  ,81.0,86.7,,
08215,茨城県,北茨城市,  ,80.6,86.7,,
08216,茨城県,笠間市,  ,80.4,86.7,,
08217,茨城県,取手市,  ,81.2,87.2,,
08219,茨城県,牛久市,  ,82.5,87.5,,
08220,茨城県,つくば市,  ,81.9,87.7,,
08221,茨城県,ひたちなか市,  ,81.7,87.4,,
08222,茨城県,鹿嶋市,  ,80.7,86.8,,
08223,茨城県,潮来市,  ,80.9,86.7,,
08224,茨城県,守谷市,  ,82.8,87.5,,
08225,茨城県,常陸大宮市,  ,81.0,87.2,,
08226,茨城県,那珂市,  ,81.3,87.5,,
08227,茨城県,筑西市,  ,80.3,87.2,,
08228,茨城県,坂東市,  ,79.8,86.0,,
08229,茨城県,稲敷市,  ,80.1,86.7,,
08230,茨城県,かすみがうら市,  ,79.8,86.7,,
08231,茨城県,桜川市,  ,80.3,86.8,,
08232,茨城県,神栖市,  ,79.9,86.5,,
08233,茨城県,行方市,  ,80.0,86.5,,
08234,茨城県,鉾田市,  ,79.8,86.4,,
08235,茨城県,つくばみらい市,  ,81.3,87.3,,
08236,茨城県,小美玉市,  ,80.1,86.7,,
08302,茨城県,東茨城郡,茨城町,80.5,86.7,,
08309,茨城県,東茨城郡,大洗町,80.6,86.8,,
08310,茨城県,東茨城郡,城里町,80.4,86.9,,
08341,茨城県,那珂郡,東海村,81.5,86.9,,
08364,茨城県,久慈郡,大子町,80.9,86.5,,
08442,茨城県,稲敷郡,美浦村,80.6,86.7,,
08443,茨城県,稲敷郡,阿見町,80.8,86.6,,
08447,茨城県,稲敷郡,河内町,80.8,86.9,,
08521,茨城県,結城郡,八千代町,80.6,87.0,,
08542,茨城県,猿島郡,五霞町,80.2,86.8,,
08546,茨城県,猿島郡,境町,80.6,86.3,,
08564,茨城県,北相馬郡,利根町,80.9,87.1,,
09201,栃木県,宇都宮市,  ,81.7,87.4,,
09202,栃木県,足利市,  ,80.3,86.3,,
09203,栃木県,栃木市,  ,80.5,86.3,,
09204,栃木県,佐野市,  ,80.5,86.5,,
09205,栃木県,鹿沼市,  ,80.9,86.7,,
09206,栃木県,日光市,  ,80.0,86.7,,
09208,栃木県,小山市,  ,80.8,87.1,,
09209,栃木県,真岡市,  ,80.8,86.8,,
09210,栃木県,大田原市,  ,80.9,87.0,,
09211,栃木県,矢板市,  ,80.9,86.5,,
09213,栃木県,那須塩原市,  ,81.4,86.9,,
09214,栃木県,さくら市,  ,81.5,87.1,,
09215,栃木県,那須烏山市,  ,80.8,86.5,,
09216,栃木県,下野市,  ,81.9,87.3,,
09301,栃木県,河内郡,上三川町,81.3,87.0,,
09342,栃木県,芳賀郡,益子町,81.1,86.7,,
09343,栃木県,芳賀郡,茂木町,80.7,86.8,,
09344,栃木県,芳賀郡,市貝町,81.0,87.0,,
09345,栃木県,芳賀郡,芳賀町,80.6,87.0,,
09361,栃木県,下都賀郡,壬生町,81.1,87.2,,
09364,栃木県,下都賀郡,野木町,81.3,87.0,,
09384,栃木県,塩谷郡,塩谷町,81.1,86.6,,
09386,栃木県,塩谷郡,高根沢町,81.1,87.3,,
09407,栃木県,那須郡,那須町,80.9,87.1,,
09411,栃木県,那須郡,那珂川町,81.0,87.3,,
10201,群馬県,前橋市,  ,81.7,87.6,,
10202,群馬県,高崎市,  ,81.2,87.6,,
10203,群馬県,桐生市,  ,80.5,86.7,,
10204,群馬県,伊勢崎市,  ,80.9,87.0,,
10205,群馬県,太田市,  ,80.8,86.7,,
10206,群馬県,沼田市,  ,81.0,87.7,,
10207,群馬県,館林市,  ,81.0,87.0,,
10208,群馬県,渋川市,  ,80.7,86.9,,
10209,群馬県,藤岡市,  ,81.1,87.4,,
10210,群馬県,富岡市,  ,81.2,87.1,,
10211,群馬県,安中市,  ,81.2,87.2,,
10212,群馬県,みどり市,  ,80.6,86.7,,
10344,群馬県,北群馬郡,榛東村,81.0,87.5,,
10345,群馬県,北群馬郡,吉岡町,81.9,87.3,,
10366,群馬県,多野郡,上野村,81.3,87.3,,
10367,群馬県,多野郡,神流町,81.0,87.2,,
10382,群馬県,甘楽郡,下仁田町,81.1,87.2,,
10383,群馬県,甘楽郡,南牧村,81.3,87.0,,
10384,群馬県,甘楽郡,甘楽町,81.1,86.9,,
10421,群馬県,吾妻郡,中之条町,81.3,87.3,,
10424,群馬県,吾妻郡,長野原町,81.3,87.2,,
10425,群馬県,吾妻郡,嬬恋村,81.4,87.5,,
10426,群馬県,吾妻郡,草津町,81.3,87.1,,
10428,群馬県,吾妻郡,高山村,81.1,87.1,,
10429,群馬県,吾妻郡,東吾妻町,81.2,87.2,,
10443,群馬県,利根郡,片品村,81.2,87.2,,
10444,群馬県,利根郡,川場村,81.3,87.8,,
10448,群馬県,利根郡,昭和村,81.1,87.0,,
10449,群馬県,利根郡,みなかみ町,81.3,87.1,,
10464,群馬県,佐波郡,玉村町,81.5,87.5,,
10521,群馬県,邑楽郡,板倉町,80.6,86.9,,
10522,群馬県,邑楽郡,明和町,81.1,87.3,,
10523,群馬県,邑楽郡,千代田町,81.0,87.2,,
10524,群馬県,邑楽郡,大泉町,81.3,86.8,,
10525,群馬県,邑楽郡,邑楽町,81.0,87.0,,
11101,埼玉県,さいたま市,西区,81.5,88.1,,
11102,埼玉県,さいたま市,北区,82.3,88.1,,
11103,埼玉県,さいたま市,大宮区,82.0,87.8,,
11104,埼玉県,さいたま市,見沼区,81.9,87.8,,
11105,埼玉県,さいたま市,中央区,82.3,88.1,,
11106,埼玉県,さいたま市,桜区,81.6,88.0,,
11107,埼玉県,さいたま市,浦和区,82.8,88.3,,
11108,埼玉県,さいたま市,南区,82.0,88.2,,
11109,埼玉県,さいたま市,緑区,81.7,87.7,,
11110,埼玉県,さいたま市,岩槻区,81.0,87.2,,
11201,埼玉県,川越市,  ,81.8,87.1,,
11202,埼玉県,熊谷市,  ,80.9,86.6,,
11203,埼玉県,川口市,  ,80.4,86.6,,
11206,埼玉県,行田市,  ,80.7,87.0,,
11207,埼玉県,秩父市,  ,80.9,87.3,,
11208,埼玉県,所沢市,  ,81.9,87.9,,
11209,埼玉県,飯能市,  ,81.7,87.2,,
11210,埼玉県,加須市,  ,81.2,87.3,,
11211,埼玉県,本庄市,  ,80.4,87.2,,
11212,埼玉県,東松山市,  ,81.8,87.0,,
11214,埼玉県,春日部市,  ,81.5,86.8,,
11215,埼玉県,狭山市,  ,81.9,87.7,,
11216,埼玉県,羽生市,  ,80.9,87.1,,
11217,埼玉県,鴻巣市,  ,81.9,87.2,,
11218,埼玉県,深谷市,  ,80.5,87.2,,
11219,埼玉県,上尾市,  ,82.1,87.1,,
11221,埼玉県,草加市,  ,81.3,87.1,,
11222,埼玉県,越谷市,  ,81.2,87.3,,
11223,埼玉県,蕨市,  ,80.9,87.4,,
11224,埼玉県,戸田市,  ,80.9,87.3,,
11225,埼玉県,入間市,  ,81.9,87.3,,
11227,埼玉県,朝霞市,  ,81.6,87.5,,
11228,埼玉県,志木市,  ,81.7,88.0,,
11229,埼玉県,和光市,  ,82.1,87.9,,
11230,埼玉県,新座市,  ,81.8,87.5,,
11231,埼玉県,桶川市,  ,81.4,87.4,,
11232,埼玉県,久喜市,  ,81.8,87.4,,
11233,埼玉県,北本市,  ,81.5,87.2,,
11234,埼玉県,八潮市,  ,81.4,87.4,,
11235,埼玉県,富士見市,  ,81.3,87.1,,
11237,埼玉県,三郷市,  ,81.2,87.1,,
11238,埼玉県,蓮田市,  ,81.6,87.8,,
11239,埼玉県,坂戸市,  ,81.5,87.4,,
11240,埼玉県,幸手市,  ,81.2,87.1,,
11241,埼玉県,鶴ヶ島市,  ,81.6,87.5,,
11242,埼玉県,日高市,  ,81.2,87.5,,
11243,埼玉県,吉川市,  ,81.5,87.1,,
11245,埼玉県,ふじみ野市,  ,81.4,87.9,,
11246,埼玉県,白岡市,  ,81.7,87.7,,
11301,埼玉県,北足立郡,伊奈町,82.0,87.3,,
11324,埼玉県,入間郡,三芳町,81.1,87.8,,
11326,埼玉県,入間郡,毛呂山町,81.4,87.0,,
11327,埼玉県,入間郡,越生町,81.7,87.2,,
11341,埼玉県,比企郡,滑川町,81.4,87.4,,
11342,埼玉県,比企郡,嵐山町,81.4,86.6,,
11343,埼玉県,比企郡,小川町,81.5,87.2,,
11346,埼玉県,比企郡,川島町,81.7,87.5,,
11347,埼玉県,比企郡,吉見町,81.2,86.7,,
11348,埼玉県,比企郡,鳩山町,82.1,87.2,,
11349,埼玉県,比企郡,ときがわ町,81.4,87.0,,
11361,埼玉県,秩父郡,横瀬町,80.7,86.8,,
11362,埼玉県,秩父郡,皆野町,81.4,87.2,,
11363,埼玉県,秩父郡,長瀞町,81.4,87.2,,
11365,埼玉県,秩父郡,小鹿野町,81.3,87.3,,
11369,埼玉県,秩父郡,東秩父村,81.4,87.4,,
11381,埼玉県,児玉郡,美里町,80.6,86.7,,
11383,埼玉県,児玉郡,神川町,80.3,86.8,,
11385,埼玉県,児玉郡,上里町,81.1,86.8,,
11408,埼玉県,大里郡,寄居町,81.3,87.1,,
11442,埼玉県,南埼玉郡,宮代町,81.5,87.4,,
11464,埼玉県,北葛飾郡,杉戸町,81.5,87.2,,
11465,埼玉県,北葛飾郡,松伏町,81.2,87.0,,
12101,千葉県,千葉市,中央区,80.3,87.4,,
12102,千葉県,千葉市,花見川区,81.5,87.7,,
12103,千葉県,千葉市,稲毛区,81.5,87.8,,
12104,千葉県,千葉市,若葉区,80.3,87.6,,
12105,千葉県,千葉市,緑区,81.5,87.5,,
12106,千葉県,千葉市,美浜区,82.6,88.2,,
12202,千葉県,銚子市,  ,80.5,86.5,,
12203,千葉県,市川市,  ,81.6,87.9,,
12204,千葉県,船橋市,  ,81.9,87.8,,
12205,千葉県,館山市,  ,81.5,87.7,,
12206,千葉県,木更津市,  ,81.1,87.1,,
12207,千葉県,松戸市,  ,81.3,87.5,,
12208,千葉県,野田市,  ,80.8,86.9,,
12210,千葉県,茂原市,  ,80.7,86.9,,
12211,千葉県,成田市,  ,81.6,87.7,,
12212,千葉県,佐倉市,  ,82.1,87.7,,
12213,千葉県,東金市,  ,81.2,86.9,,
12215,千葉県,旭市,  ,80.9,86.7,,
12216,千葉県,習志野市,  ,82.1,88.1,,
12217,千葉県,柏市,  ,82.1,87.9,,
12218,千葉県,勝浦市,  ,81.2,87.2,,
12219,千葉県,市原市,  ,80.6,87.0,,
12220,千葉県,流山市,  ,82.7,88.2,,
12221,千葉県,八千代市,  ,81.8,87.5,,
12222,千葉県,我孫子市,  ,82.3,88.0,,
12223,千葉県,鴨川市,  ,80.9,87.1,,
12224,千葉県,鎌ケ谷市,  ,81.7,87.8,,
12225,千葉県,君津市,  ,81.3,87.4,,
12226,千葉県,富津市,  ,80.3,87.0,,
12227,千葉県,浦安市,  ,82.6,87.7,,
12228,千葉県,四街道市,  ,82.0,87.7,,
12229,千葉県,袖ケ浦市,  ,81.2,87.1,,
12230,千葉県,八街市,  ,80.1,86.7,,
12231,千葉県,印西市,  ,82.5,87.8,,
12232,千葉県,白井市,  ,82.4,87.5,,
12233,千葉県,富里市,  ,81.0,87.1,,
12234,千葉県,南房総市,  ,81.2,87.4,,
12235,千葉県,匝瑳市,  ,81.1,87.0,,
12236,千葉県,香取市,  ,80.3,87.2,,
12237,千葉県,山武市,  ,80.4,86.8,,
12238,千葉県,いすみ市,  ,81.2,87.4,,
12239,千葉県,大網白里市,  ,81.1,87.2,,
12322,千葉県,印旛郡,酒々井町,82.1,87.8,,
12329,千葉県,印旛郡,栄町,81.7,87.6,,
12342,千葉県,香取郡,神崎町,81.2,87.2,,
12347,千葉県,香取郡,多古町,81.3,87.3,,
12349,千葉県,香取郡,東庄町,81.0,87.2,,
12403,千葉県,山武郡,九十九里町,80.6,87.3,,
12409,千葉県,山武郡,芝山町,81.5,87.8,,
12410,千葉県,山武郡,横芝光町,80.8,87.6,,
12421,千葉県,長生郡,一宮町,81.3,87.2,,
12422,千葉県,長生郡,睦沢町,81.7,87.4,,
12423,千葉県,長生郡,長生村,81.0,87.3,,
12424,千葉県,長生郡,白子町,81.1,87.1,,
12426,千葉県,長生郡,長柄町,81.3,87.8,,
12427,千葉県,長生郡,長南町,81.4,87.3,,
12441,千葉県,夷隅郡,大多喜町,81.4,87.5,,
12443,千葉県,夷隅郡,御宿町,81.4,87.5,,
12463,千葉県,安房郡,鋸南町,81.3,87.3,,
13101,東京都,千代田区,  ,82.4,88.3,,
13102,東京都,中央区,  ,82.7,87.8,,
13103,東京都,港区,  ,82.8,88.1,,
13104,東京都,新宿区,  ,81.3,87.9,,
13105,東京都,文京区,  ,82.9,88.3,,
13106,東京都,台東区,  ,80.7,87.8,,
13107,東京都,墨田区,  ,80.7,87.2,,
13108,東京都,江東区,  ,81.4,87.5,,
13109,東京都,品川区,  ,81.8,87.9,,
13110,東京都,目黒区,  ,83.0,88.5,,
13111,東京都,大田区,  ,81.2,87.6,,
13112,東京都,世田谷区,  ,83.2,88.9,,
13113,東京都,渋谷区,  ,83.0,88.6,,
13114,東京都,中野区,  ,81.5,88.1,,
13115,東京都,杉並区,  ,82.9,88.6,,
13116,東京都,豊島区,  ,81.1,87.6,,
13117,東京都,北区,  ,81.0,87.5,,
13118,東京都,荒川区,  ,80.6,87.3,,
13119,東京都,板橋区,  ,81.0,87.6,,
13120,東京都,練馬区,  ,82.2,88.2,,
13121,東京都,足立区,  ,80.1,86.7,,
13122,東京都,葛飾区,  ,80.5,86.9,,
13123,東京都,江戸川区,  ,80.6,87.0,,
13201,東京都,八王子市,  ,82.1,87.7,,
13202,東京都,立川市,  ,81.5,87.5,,
13203,東京都,武蔵野市,  ,83.2,88.7,,
13204,東京都,三鷹市,  ,82.6,88.5,,
13205,東京都,青梅市,  ,81.1,87.1,,
13206,東京都,府中市,  ,82.0,88.0,,
13207,東京都,昭島市,  ,81.4,87.1,,
13208,東京都,調布市,  ,82.4,88.6,,
13209,東京都,町田市,  ,82.7,88.2,,
13210,東京都,小金井市,  ,82.7,88.9,,
13211,東京都,小平市,  ,82.4,88.3,,
13212,東京都,日野市,  ,82.8,88.4,,
13213,東京都,東村山市,  ,81.7,87.7,,
13214,東京都,国分寺市,  ,83.1,88.3,,
13215,東京都,国立市,  ,82.4,87.9,,
13218,東京都,福生市,  ,81.2,87.2,,
13219,東京都,狛江市,  ,82.4,88.2,,
13220,東京都,東大和市,  ,81.8,88.0,,
13221,東京都,清瀬市,  ,81.7,87.7,,
13222,東京都,東久留米市,  ,81.6,88.0,,
13223,東京都,武蔵村山市,  ,81.7,87.3,,
13224,東京都,多摩市,  ,82.7,88.1,,
13225,東京都,稲城市,  ,83.0,87.9,,
13227,東京都,羽村市,  ,81.8,87.5,,
13228,東京都,あきる野市,  ,81.9,87.3,,
13229,東京都,西東京市,  ,82.3,88.5,,
13303,東京都,西多摩郡,瑞穂町,80.9,87.4,,
13305,東京都,西多摩郡,日の出町,81.4,86.8,,
13307,東京都,西多摩郡,檜原村,81.3,87.2,,
13308,東京都,西多摩郡,奥多摩町,80.7,86.9,,
13361,東京都,,大島町,81.2,87.4,,
13362,東京都,,利島村,81.8,87.8,,
13363,東京都,,新島村,81.4,87.7,,
13364,東京都,,神津島村,81.7,87.7,,
13381,東京都,,三宅村,81.8,87.6,,
13382,東京都,,御蔵島村,81.8,87.8,,
13401,東京都,,八丈町,80.9,87.5,,
13402,東京都,,青ヶ島村,81.8,87.9,,
13421,東京都,,小笠原村,82.0,87.9,,
14101,神奈川県,横浜市,鶴見区,81.5,87.3,,
14102,神奈川県,横浜市,神奈川区,82.2,88.1,,
14103,神奈川県,横浜市,西区,81.6,87.6,,
14104,神奈川県,横浜市,中区,79.5,87.4,,
14105,神奈川県,横浜市,南区,80.9,87.3,,
14106,神奈川県,横浜市,保土ケ谷区,81.8,88.2,,
14107,神奈川県,横浜市,磯子区,82.6,87.8,,
14108,神奈川県,横浜市,金沢区,83.1,88.4,,
14109,神奈川県,横浜市,港北区,83.1,88.4,,
14110,神奈川県,横浜市,戸塚区,83.0,88.5,,
14111,神奈川県,横浜市,港南区,82.5,88.0,,
14112,神奈川県,横浜市,旭区,82.0,88.1,,
14113,神奈川県,横浜市,緑区,82.7,88.1,,
14114,神奈川県,横浜市,瀬谷区,81.6,87.8,,
14115,神奈川県,横浜市,栄区,83.0,88.4,,
14116,神奈川県,横浜市,泉区,82.6,88.2,,
14117,神奈川県,横浜市,青葉区,83.9,88.8,,
14118,神奈川県,横浜市,都筑区,83.3,88.7,,
14131,神奈川県,川崎市,川崎区,78.8,87.0,,
14132,神奈川県,川崎市,幸区,81.0,88.1,,
14133,神奈川県,川崎市,中原区,82.2,88.0,,
14134,神奈川県,川崎市,高津区,81.9,88.6,,
14135,神奈川県,川崎市,多摩区,82.2,88.4,,
14136,神奈川県,川崎市,宮前区,82.6,88.5,,
14137,神奈川県,川崎市,麻生区,84.0,89.2,,
14151,神奈川県,相模原市,緑区,81.4,87.2,,
14152,神奈川県,相模原市,中央区,81.2,87.2,,
14153,神奈川県,相模原市,南区,82.0,87.9,,
14201,神奈川県,横須賀市,  ,81.2,87.1,,
14203,神奈川県,平塚市,  ,81.7,87.5,,
14204,神奈川県,鎌倉市,  ,83.3,88.3,,
14205,神奈川県,藤沢市,  ,83.0,87.9,,
14206,神奈川県,小田原市,  ,81.3,87.5,,
14207,神奈川県,茅ヶ崎市,  ,82.7,88.4,,
14208,神奈川県,逗子市,  ,83.0,88.3,,
14210,神奈川県,三浦市,  ,81.1,87.5,,
14211,神奈川県,秦野市,  ,82.5,87.8,,
14212,神奈川県,厚木市,  ,81.7,87.4,,
14213,神奈川県,大和市,  ,81.5,87.6,,
14214,神奈川県,伊勢原市,  ,82.2,88.1,,
14215,神奈川県,海老名市,  ,82.5,88.1,,
14216,神奈川県,座間市,  ,81.5,88.0,,
14217,神奈川県,南足柄市,  ,81.8,87.8,,
14218,神奈川県,綾瀬市,  ,81.6,87.5,,
14301,神奈川県,三浦郡,葉山町,82.4,88.1,,
14321,神奈川県,高座郡,寒川町,81.7,87.4,,
14341,神奈川県,中郡,大磯町,82.4,87.8,,
14342,神奈川県,中郡,二宮町,82.4,87.8,,
14361,神奈川県,足柄上郡,中井町,82.1,88.0,,
14362,神奈川県,足柄上郡,大井町,82.1,87.9,,
14363,神奈川県,足柄上郡,松田町,81.7,87.8,,
14364,神奈川県,足柄上郡,山北町,81.8,87.5,,
14366,神奈川県,足柄上郡,開成町,82.6,88.2,,
14382,神奈川県,足柄下郡,箱根町,81.2,87.6,,
14383,神奈川県,足柄下郡,真鶴町,81.3,87.8,,
14384,神奈川県,足柄下郡,湯河原町,81.6,87.1,,
14401,神奈川県,愛甲郡,愛川町,80.9,87.4,,
14402,神奈川県,愛甲郡,清川村,82.1,87.8,,
15101,新潟県,新潟市,北区,81.2,87.7,,
15102,新潟県,新潟市,東区,81.1,87.5,,
15103,新潟県,新潟市,中央区,81.9,87.6,,
15104,新潟県,新潟市,江南区,81.4,87.8,,
15105,新潟県,新潟市,秋葉区,82.0,88.0,,
15106,新潟県,新潟市,南区,81.3,87.4,,
15107,新潟県,新潟市,西区,81.8,88.0,,
15108,新潟県,新潟市,西蒲区,81.3,87.7,,
15202,新潟県,長岡市,  ,81.7,87.2,,
15204,新潟県,三条市,  ,81.2,87.5,,
15205,新潟県,柏崎市,  ,80.8,87.6,,
15206,新潟県,新発田市,  ,80.7,87.5,,
15208,新潟県,小千谷市,  ,81.6,87.8,,
15209,新潟県,加茂市,  ,81.2,87.0,,
15210,新潟県,十日町市,  ,81.4,88.1,,
15211,新潟県,見附市,  ,81.7,87.6,,
15212,新潟県,村上市,  ,80.7,86.9,,
15213,新潟県,燕市,  ,81.4,87.2,,
15216,新潟県,糸魚川市,  ,81.4,87.8,,
15217,新潟県,妙高市,  ,81.2,87.6,,
15218,新潟県,五泉市,  ,81.1,87.3,,
15222,新潟県,上越市,  ,81.5,87.9,,
15223,新潟県,阿賀野市,  ,81.1,87.9,,
15224,新潟県,佐渡市,  ,80.0,87.3,,
15225,新潟県,魚沼市,  ,81.5,87.8,,
15226,新潟県,南魚沼市,  ,81.3,87.7,,
15227,新潟県,胎内市,  ,81.0,87.7,,
15307,新潟県,北蒲原郡,聖籠町,81.2,87.5,,
15342,新潟県,西蒲原郡,弥彦村,80.8,87.8,,
15361,新潟県,南蒲原郡,田上町,81.2,87.4,,
15385,新潟県,東蒲原郡,阿賀町,80.7,87.7,,
15405,新潟県,三島郡,出雲崎町,81.4,87.5,,
15461,新潟県,南魚沼郡,湯沢町,81.4,87.7,,
15482,新潟県,中魚沼郡,津南町,81.6,87.7,,
15504,新潟県,刈羽郡,刈羽村,81.3,87.5,,
15581,新潟県,岩船郡,関川村,81.1,87.5,,
15586,新潟県,岩船郡,粟島浦村,81.3,87.6,,
16201,富山県,富山市,  ,81.8,87.8,,
16202,富山県,高岡市,  ,81.6,88.3,,
16204,富山県,魚津市,  ,81.6,88.1,,
16205,富山県,氷見市,  ,81.5,87.8,,
16206,富山県,滑川市,  ,81.9,88.0,,
16207,富山県,黒部市,  ,81.7,88.2,,
16208,富山県,砺波市,  ,82.1,88.2,,
16209,富山県,小矢部市,  ,82.3,88.0,,
16210,富山県,南砺市,  ,82.3,88.3,,
16211,富山県,射水市,  ,81.5,87.6,,
16321,富山県,中新川郡,舟橋村,81.7,88.1,,
16322,富山県,中新川郡,上市町,81.5,88.0,,
16323,富山県,中新川郡,立山町,81.7,87.9,,
16342,富山県,下新川郡,入善町,81.3,87.2,,
16343,富山県,下新川郡,朝日町,81.6,87.9,,
17201,石川県,金沢市,  ,82.2,88.1,,
17202,石川県,七尾市,  ,81.7,87.4,,
17203,石川県,小松市,  ,82.1,88.3,,
17204,石川県,輪島市,  ,81.6,87.8,,
17205,石川県,珠洲市,  ,81.9,88.1,,
17206,石川県,加賀市,  ,81.2,87.4,,
17207,石川県,羽咋市,  ,81.8,88.2,,
17209,石川県,かほく市,  ,82.3,88.4,,
17210,石川県,白山市,  ,82.3,88.6,,
17211,石川県,能美市,  ,82.3,88.5,,
17212,石川県,野々市市,  ,82.5,88.5,,
17324,石川県,能美郡,川北町,82.2,88.1,,
17361,石川県,河北郡,津幡町,81.5,88.5,,
17365,石川県,河北郡,内灘町,82.4,87.9,,
17384,石川県,羽咋郡,志賀町,82.4,87.8,,
17386,石川県,羽咋郡,宝達志水町,81.9,88.2,,
17407,石川県,鹿島郡,中能登町,81.7,87.5,,
17461,石川県,鳳珠郡,穴水町,81.4,88.0,,
17463,石川県,鳳珠郡,能登町,81.5,87.9,,
18201,福井県,福井市,  ,82.4,87.9,,
18202,福井県,敦賀市,  ,81.6,87.8,,
18204,福井県,小浜市,  ,81.5,87.8,,
18205,福井県,大野市,  ,81.5,87.7,,
18206,福井県,勝山市,  ,81.8,87.8,,
18207,福井県,鯖江市,  ,82.4,87.9,,
18208,福井県,あわら市,  ,81.6,88.2,,
18209,福井県,越前市,  ,81.8,88.0,,
18210,福井県,坂井市,  ,82.1,88.3,,
18322,福井県,吉田郡,永平寺町,82.5,87.6,,
18382,福井県,今立郡,池田町,82.0,87.9,,
18404,福井県,南条郡,南越前町,81.6,87.9,,
18423,福井県,丹生郡,越前町,81.4,87.9,,
18442,福井県,三方郡,美浜町,82.1,87.3,,
18481,福井県,大飯郡,高浜町,81.9,87.0,,
18483,福井県,大飯郡,おおい町,82.2,87.8,,
18501,福井県,三方上中郡,若狭町,81.7,87.6,,
19201,山梨県,甲府市,  ,81.5,88.1,,
19202,山梨県,富士吉田市,  ,81.4,87.7,,
19204,山梨県,都留市,  ,81.8,88.1,,
19205,山梨県,山梨市,  ,81.5,87.8,,
19206,山梨県,大月市,  ,81.6,87.7,,
19207,山梨県,韮崎市,  ,81.5,87.9,,
19208,山梨県,南アルプス市,  ,81.9,87.6,,
19209,山梨県,北杜市,  ,82.5,87.8,,
19210,山梨県,甲斐市,  ,82.3,88.2,,
19211,山梨県,笛吹市,  ,81.7,87.6,,
19212,山梨県,上野原市,  ,81.5,87.7,,
19213,山梨県,甲州市,  ,81.4,88.0,,
19214,山梨県,中央市,  ,81.9,88.0,,
19346,山梨県,西八代郡,市川三郷町,81.4,87.5,,
19364,山梨県,南巨摩郡,早川町,81.7,87.9,,
19365,山梨県,南巨摩郡,身延町,81.0,87.7,,
19366,山梨県,南巨摩郡,南部町,81.4,88.0,,
19368,山梨県,南巨摩郡,富士川町,80.8,87.6,,
19384,山梨県,中巨摩郡,昭和町,82.4,88.3,,
19422,山梨県,南都留郡,道志村,81.6,88.0,,
19423,山梨県,南都留郡,西桂町,81.7,87.3,,
19424,山梨県,南都留郡,忍野村,81.4,87.9,,
19425,山梨県,南都留郡,山中湖村,81.7,88.4,,
19429,山梨県,南都留郡,鳴沢村,81.8,87.5,,
19430,山梨県,南都留郡,富士河口湖町,82.6,88.8,,
19442,山梨県,北都留郡,小菅村,81.6,88.0,,
19443,山梨県,北都留郡,丹波山村,81.6,88.0,,
20201,長野県,長野市,  ,83.1,88.3,,
20202,長野県,松本市,  ,82.9,88.3,,
20203,長野県,上田市,  ,82.0,87.6,,
20204,長野県,岡谷市,  ,83.1,88.3,,
20205,長野県,飯田市,  ,83.1,88.1,,
20206,長野県,諏訪市,  ,82.5,88.4,,
20207,長野県,須坂市,  ,82.6,88.5,,
20208,長野県,小諸市,  ,82.4,88.3,,
20209,長野県,伊那市,  ,83.2,88.8,,
20210,長野県,駒ヶ根市,  ,82.9,87.9,,
20211,長野県,中野市,  ,82.9,87.9,,
20212,長野県,大町市,  ,81.8,88.6,,
20213,長野県,飯山市,  ,82.2,88.4,,
20214,長野県,茅野市,  ,83.0,87.9,,
20215,長野県,塩尻市,  ,82.2,88.5,,
20217,長野県,佐久市,  ,82.6,88.8,,
20218,長野県,千曲市,  ,82.3,88.4,,
20219,長野県,東御市,  ,82.5,88.0,,
20220,長野県,安曇野市,  ,82.9,88.4,,
20303,長野県,南佐久郡,小海町,82.7,88.3,,
20304,長野県,南佐久郡,川上村,82.3,88.2,,
20305,長野県,南佐久郡,南牧村,82.6,88.3,,
20306,長野県,南佐久郡,南相木村,82.7,88.4,,
20307,長野県,南佐久郡,北相木村,82.8,88.3,,
20309,長野県,南佐久郡,佐久穂町,81.6,86.9,,
20321,長野県,北佐久郡,軽井沢町,82.5,88.3,,
20323,長野県,北佐久郡,御代田町,82.6,87.9,,
20324,長野県,北佐久郡,立科町,82.7,88.1,,
20349,長野県,小県郡,青木村,82.8,88.3,,
20350,長野県,小県郡,長和町,82.3,88.4,,
20361,長野県,諏訪郡,下諏訪町,82.0,88.3,,
20362,長野県,諏訪郡,富士見町,82.8,88.5,,
20363,長野県,諏訪郡,原村,83.3,88.5,,
20382,長野県,上伊那郡,辰野町,81.9,88.2,,
20383,長野県,上伊那郡,箕輪町,83.0,88.8,,
20384,長野県,上伊那郡,飯島町,82.8,88.2,,
20385,長野県,上伊那郡,南箕輪村,83.0,87.9,,
20386,長野県,上伊那郡,中川村,83.1,88.6,,
20388,長野県,上伊那郡,宮田村,83.4,88.0,,
20402,長野県,下伊那郡,松川町,83.2,88.2,,
20403,長野県,下伊那郡,高森町,82.6,89.0,,
20404,長野県,下伊那郡,阿南町,82.2,88.0,,
20407,長野県,下伊那郡,阿智村,82.8,88.3,,
20409,長野県,下伊那郡,平谷村,82.7,88.3,,
20410,長野県,下伊那郡,根羽村,82.7,88.4,,
20411,長野県,下伊那郡,下條村,82.8,88.4,,
20412,長野県,下伊那郡,売木村,82.8,88.3,,
20413,長野県,下伊那郡,天龍村,82.6,88.0,,
20414,長野県,下伊那郡,泰阜村,82.6,87.9,,
20415,長野県,下伊那郡,喬木村,83.0,88.1,,
20416,長野県,下伊那郡,豊丘村,83.3,88.5,,
20417,長野県,下伊那郡,大鹿村,82.7,88.2,,
20422,長野県,木曽郡,上松町,82.3,87.6,,
20423,長野県,木曽郡,南木曽町,83.2,88.3,,
20425,長野県,木曽郡,木祖村,82.2,87.8,,
20429,長野県,木曽郡,王滝村,82.6,88.3,,
20430,長野県,木曽郡,大桑村,82.6,88.2,,
20432,長野県,木曽郡,木曽町,81.9,87.8,,
20446,長野県,東筑摩郡,麻績村,82.5,88.2,,
20448,長野県,東筑摩郡,生坂村,82.5,88.5,,
20450,長野県,東筑摩郡,山形村,82.7,88.1,,
20451,長野県,東筑摩郡,朝日村,82.7,88.6,,
20452,長野県,東筑摩郡,筑北村,82.4,88.2,,
20481,長野県,北安曇郡,池田町,82.8,87.8,,
20482,長野県,北安曇郡,松川村,82.8,88.5,,
20485,長野県,北安曇郡,白馬村,83.2,88.1,,
20486,長野県,北安曇郡,小谷村,82.5,88.3,,
20521,長野県,埴科郡,坂城町,82.4,88.0,,
20541,長野県,上高井郡,小布施町,83.1,88.3,,
20543,長野県,上高井郡,高山村,82.1,88.2,,
20561,長野県,下高井郡,山ノ内町,82.2,87.5,,
20562,長野県,下高井郡,木島平村,82.4,87.9,,
20563,長野県,下高井郡,野沢温泉村,82.4,88.1,,
20583,長野県,上水内郡,信濃町,82.5,87.6,,
20588,長野県,上水内郡,小川村,82.6,88.4,,
20590,長野県,上水内郡,飯綱町,82.1,87.8,,
20602,長野県,下水内郡,栄村,82.1,88.4,,
21201,岐阜県,岐阜市,  ,81.8,87.3,,
21202,岐阜県,大垣市,  ,81.9,87.4,,
21203,岐阜県,高山市,  ,81.9,87.8,,
21204,岐阜県,多治見市,  ,82.2,87.7,,
21205,岐阜県,関市,  ,81.7,87.7,,
21206,岐阜県,中津川市,  ,82.2,87.9,,
21207,岐阜県,美濃市,  ,81.9,87.7,,
21208,岐阜県,瑞浪市,  ,82.2,87.9,,
21209,岐阜県,羽島市,  ,81.4,87.0,,
21210,岐阜県,恵那市,  ,81.9,87.1,,
21211,岐阜県,美濃加茂市,  ,82.2,87.7,,
21212,岐阜県,土岐市,  ,81.1,87.0,,
21213,岐阜県,各務原市,  ,82.4,87.7,,
21214,岐阜県,可児市,  ,82.0,88.2,,
21215,岐阜県,山県市,  ,82.0,87.5,,
21216,岐阜県,瑞穂市,  ,82.4,87.5,,
21217,岐阜県,飛騨市,  ,81.7,88.3,,
21218,岐阜県,本巣市,  ,82.4,87.3,,
21219,岐阜県,郡上市,  ,82.1,87.7,,
21220,岐阜県,下呂市,  ,82.2,87.8,,
21221,岐阜県,海津市,  ,81.4,87.0,,
21302,岐阜県,羽島郡,岐南町,82.2,87.6,,
21303,岐阜県,羽島郡,笠松町,81.8,87.2,,
21341,岐阜県,養老郡,養老町,81.1,87.4,,
21361,岐阜県,不破郡,垂井町,81.9,87.7,,
21362,岐阜県,不破郡,関ケ原町,81.9,87.6,,
21381,岐阜県,安八郡,神戸町,81.4,87.2,,
21382,岐阜県,安八郡,輪之内町,82.2,87.4,,
21383,岐阜県,安八郡,安八町,81.8,87.7,,
21401,岐阜県,揖斐郡,揖斐川町,81.5,86.9,,
21403,岐阜県,揖斐郡,大野町,81.3,87.3,,
21404,岐阜県,揖斐郡,池田町,82.0,87.3,,
21421,岐阜県,本巣郡,北方町,82.1,87.3,,
21501,岐阜県,加茂郡,坂祝町,81.9,87.8,,
21502,岐阜県,加茂郡,富加町,82.2,87.8,,
21503,岐阜県,加茂郡,川辺町,82.0,87.9,,
21504,岐阜県,加茂郡,七宗町,81.7,87.3,,
21505,岐阜県,加茂郡,八百津町,81.8,87.3,,
21506,岐阜県,加茂郡,白川町,82.0,87.6,,
21507,岐阜県,加茂郡,東白川村,81.3,87.7,,
21521,岐阜県,可児郡,御嵩町,82.0,87.2,,
21604,岐阜県,大野郡,白川村,82.0,87.5,,
22101,静岡県,静岡市,葵区,81.9,87.4,,
22102,静岡県,静岡市,駿河区,81.8,87.7,,
22103,静岡県,静岡市,清水区,81.3,87.5,,
22131,静岡県,浜松市,中区,81.8,87.7,,
22132,静岡県,浜松市,東区,82.6,87.9,,
22133,静岡県,浜松市,西区,82.5,88.1,,
22134,静岡県,浜松市,南区,82.6,87.4,,
22135,静岡県,浜松市,北区,81.8,87.6,,
22136,静岡県,浜松市,浜北区,82.7,87.9,,
22137,静岡県,浜松市,天竜区,81.9,87.9,,
22203,静岡県,沼津市,  ,80.6,86.8,,
22205,静岡県,熱海市,  ,80.3,85.9,,
22206,静岡県,三島市,  ,81.4,87.1,,
22207,静岡県,富士宮市,  ,81.3,87.2,,
22208,静岡県,伊東市,  ,80.8,87.2,,
22209,静岡県,島田市,  ,81.9,87.9,,
22210,静岡県,富士市,  ,80.9,87.5,,
22211,静岡県,磐田市,  ,82.2,87.8,,
22212,静岡県,焼津市,  ,81.5,87.3,,
22213,静岡県,掛川市,  ,82.3,87.9,,
22214,静岡県,藤枝市,  ,81.9,88.1,,
22215,静岡県,御殿場市,  ,81.5,87.8,,
22216,静岡県,袋井市,  ,82.1,87.5,,
22219,静岡県,下田市,  ,81.3,87.0,,
22220,静岡県,裾野市,  ,82.1,87.2,,
22221,静岡県,湖西市,  ,82.0,88.0,,
22222,静岡県,伊豆市,  ,81.1,87.6,,
22223,静岡県,御前崎市,  ,81.5,87.5,,
22224,静岡県,菊川市,  ,82.4,87.2,,
22225,静岡県,伊豆の国市,  ,81.1,87.2,,
22226,静岡県,牧之原市,  ,81.3,87.8,,
22301,静岡県,賀茂郡,東伊豆町,80.8,86.9,,
22302,静岡県,賀茂郡,河津町,81.1,87.4,,
22304,静岡県,賀茂郡,南伊豆町,81.4,87.2,,
22305,静岡県,賀茂郡,松崎町,81.5,87.3,,
22306,静岡県,賀茂郡,西伊豆町,81.0,87.3,,
22325,静岡県,田方郡,函南町,81.2,87.7,,
22341,静岡県,駿東郡,清水町,81.0,87.6,,
22342,静岡県,駿東郡,長泉町,81.6,87.5,,
22344,静岡県,駿東郡,小山町,81.3,87.7,,
22424,静岡県,榛原郡,吉田町,81.4,87.4,,
22429,静岡県,榛原郡,川根本町,81.7,87.5,,
22461,静岡県,周智郡,森町,81.6,87.9,,
23101,愛知県,名古屋市,千種区,82.2,88.0,,
23102,愛知県,名古屋市,東区,81.7,87.4,,
23103,愛知県,名古屋市,北区,80.9,86.9,,
23104,愛知県,名古屋市,西区,80.9,87.4,,
23105,愛知県,名古屋市,中村区,80.3,87.0,,
23106,愛知県,名古屋市,中区,81.4,87.7,,
23107,愛知県,名古屋市,昭和区,81.7,87.3,,
23108,愛知県,名古屋市,瑞穂区,82.1,87.9,,
23109,愛知県,名古屋市,熱田区,81.2,87.3,,
23110,愛知県,名古屋市,中川区,80.4,86.7,,
23111,愛知県,名古屋市,港区,80.7,86.5,,
23112,愛知県,名古屋市,南区,80.0,86.7,,
23113,愛知県,名古屋市,守山区,81.6,87.8,,
23114,愛知県,名古屋市,緑区,82.3,88.0,,
23115,愛知県,名古屋市,名東区,82.1,87.8,,
23116,愛知県,名古屋市,天白区,82.2,88.0,,
23201,愛知県,豊橋市,  ,81.4,87.5,,
23202,愛知県,岡崎市,  ,82.4,87.9,,
23203,愛知県,一宮市,  ,81.7,87.3,,
23204,愛知県,瀬戸市,  ,82.2,87.6,,
23205,愛知県,半田市,  ,81.6,86.9,,
23206,愛知県,春日井市,  ,81.8,87.8,,
23207,愛知県,豊川市,  ,81.7,87.6,,
23208,愛知県,津島市,  ,81.2,87.6,,
23209,愛知県,碧南市,  ,81.6,87.4,,
23210,愛知県,刈谷市,  ,82.2,87.4,,
23211,愛知県,豊田市,  ,82.7,87.8,,
23212,愛知県,安城市,  ,82.1,87.7,,
23213,愛知県,西尾市,  ,81.5,87.4,,
23214,愛知県,蒲郡市,  ,81.9,87.5,,
23215,愛知県,犬山市,  ,82.0,87.7,,
23216,愛知県,常滑市,  ,81.8,87.7,,
23217,愛知県,江南市,  ,82.1,87.3,,
23219,愛知県,小牧市,  ,81.7,87.3,,
23220,愛知県,稲沢市,  ,81.6,87.5,,
23221,愛知県,新城市,  ,81.9,87.6,,
23222,愛知県,東海市,  ,81.8,87.6,,
23223,愛知県,大府市,  ,82.6,87.9,,
23224,愛知県,知多市,  ,82.1,87.6,,
23225,愛知県,知立市,  ,82.0,87.4,,
23226,愛知県,尾張旭市,  ,82.6,88.2,,
23227,愛知県,高浜市,  ,81.1,87.0,,
23228,愛知県,岩倉市,  ,81.7,87.4,,
23229,愛知県,豊明市,  ,82.7,88.0,,
23230,愛知県,日進市,  ,83.4,88.0,,
23231,愛知県,田原市,  ,81.8,87.6,,
23232,愛知県,愛西市,  ,81.8,87.3,,
23233,愛知県,清須市,  ,81.7,87.1,,
23234,愛知県,北名古屋市,  ,82.0,87.5,,
23235,愛知県,弥富市,  ,81.7,87.4,,
23236,愛知県,みよし市,  ,82.4,87.6,,
23237,愛知県,あま市,  ,80.8,87.2,,
23238,愛知県,長久手市,  ,82.9,88.2,,
23302,愛知県,愛知郡,東郷町,82.1,88.0,,
23342,愛知県,西春日井郡,豊山町,81.6,87.2,,
23361,愛知県,丹羽郡,大口町,82.2,87.6,,
23362,愛知県,丹羽郡,扶桑町,82.1,87.5,,
23424,愛知県,海部郡,大治町,81.3,87.0,,
23425,愛知県,海部郡,蟹江町,81.6,87.6,,
23427,愛知県,海部郡,飛島村,81.8,87.6,,
23441,愛知県,知多郡,阿久比町,81.9,87.8,,
23442,愛知県,知多郡,東浦町,81.7,87.4,,
23445,愛知県,知多郡,南知多町,81.0,87.5,,
23446,愛知県,知多郡,美浜町,82.0,87.4,,
23447,愛知県,知多郡,武豊町,81.6,87.2,,
23501,愛知県,額田郡,幸田町,82.3,87.9,,
23561,愛知県,北設楽郡,設楽町,81.9,87.8,,
23562,愛知県,北設楽郡,東栄町,81.7,87.5,,
23563,愛知県,北設楽郡,豊根村,81.7,87.6,,
24201,三重県,津市,  ,82.1,87.6,,
24202,三重県,四日市市,  ,81.0,87.2,,
24203,三重県,伊勢市,  ,82.0,88.0,,
24204,三重県,松阪市,  ,81.8,87.7,,
24205,三重県,桑名市,  ,82.0,87.7,,
24207,三重県,鈴鹿市,  ,82.0,87.5,,
24208,三重県,名張市,  ,82.2,87.4,,
24209,三重県,尾鷲市,  ,81.1,87.4,,
24210,三重県,亀山市,  ,81.5,87.7,,
24211,三重県,鳥羽市,  ,81.5,87.5,,
24212,三重県,熊野市,  ,81.3,87.2,,
24214,三重県,いなべ市,  ,81.5,87.6,,
24215,三重県,志摩市,  ,80.7,87.0,,
24216,三重県,伊賀市,  ,81.6,87.8,,
24303,三重県,桑名郡,木曽岬町,81.6,87.6,,
24324,三重県,員弁郡,東員町,82.6,88.0,,
24341,三重県,三重郡,菰野町,81.6,87.8,,
24343,三重県,三重郡,朝日町,82.0,87.8,,
24344,三重県,三重郡,川越町,81.4,87.6,,
24441,三重県,多気郡,多気町,81.8,87.8,,
24442,三重県,多気郡,明和町,81.7,88.3,,
24443,三重県,多気郡,大台町,81.8,87.5,,
24461,三重県,度会郡,玉城町,81.5,87.9,,
24470,三重県,度会郡,度会町,81.9,87.7,,
24471,三重県,度会郡,大紀町,81.2,87.6,,
24472,三重県,度会郡,南伊勢町,81.3,87.2,,
24543,三重県,北牟婁郡,紀北町,80.6,87.3,,
24561,三重県,南牟婁郡,御浜町,81.8,86.9,,
24562,三重県,南牟婁郡,紀宝町,81.7,87.6,,
25201,滋賀県,大津市,  ,83.1,88.4,,
25202,滋賀県,彦根市,  ,82.7,88.2,,
25203,滋賀県,長浜市,  ,82.2,88.2,,
25204,滋賀県,近江八幡市,  ,82.5,88.2,,
25206,滋賀県,草津市,  ,83.3,89.0,,
25207,滋賀県,守山市,  ,82.9,88.3,,
25208,滋賀県,栗東市,  ,82.4,88.1,,
25209,滋賀県,甲賀市,  ,82.9,88.3,,
25210,滋賀県,野洲市,  ,83.0,87.9,,
25211,滋賀県,湖南市,  ,82.6,88.0,,
25212,滋賀県,高島市,  ,82.3,87.9,,
25213,滋賀県,東近江市,  ,82.7,88.2,,
25214,滋賀県,米原市,  ,82.7,88.2,,
25383,滋賀県,蒲生郡,日野町,83.0,88.6,,
25384,滋賀県,蒲生郡,竜王町,82.5,87.5,,
25425,滋賀県,愛知郡,愛荘町,82.3,88.1,,
25441,滋賀県,犬上郡,豊郷町,82.4,88.2,,
25442,滋賀県,犬上郡,甲良町,82.2,88.1,,
25443,滋賀県,犬上郡,多賀町,82.6,88.3,,
26101,京都府,京都市,北区,82.6,88.5,,
26102,京都府,京都市,上京区,82.2,88.4,,
26103,京都府,京都市,左京区,83.0,88.7,,
26104,京都府,京都市,中京区,81.9,88.2,,
26105,京都府,京都市,東山区,81.7,87.9,,
26106,京都府,京都市,下京区,81.9,87.8,,
26107,京都府,京都市,南区,81.6,87.6,,
26108,京都府,京都市,右京区,82.0,88.2,,
26109,京都府,京都市,伏見区,81.5,87.9,,
26110,京都府,京都市,山科区,82.0,88.4,,
26111,京都府,京都市,西京区,82.8,88.6,,
26201,京都府,福知山市,  ,81.9,87.9,,
26202,京都府,舞鶴市,  ,81.5,88.1,,
26203,京都府,綾部市,  ,82.0,88.3,,
26204,京都府,宇治市,  ,82.5,88.4,,
26205,京都府,宮津市,  ,82.1,88.2,,
26206,京都府,亀岡市,  ,82.3,87.9,,
26207,京都府,城陽市,  ,82.7,88.3,,
26208,京都府,向日市,  ,82.4,88.4,,
26209,京都府,長岡京市,  ,83.0,88.6,,
26210,京都府,八幡市,  ,82.2,88.2,,
26211,京都府,京田辺市,  ,82.9,88.5,,
26212,京都府,京丹後市,  ,81.9,88.0,,
26213,京都府,南丹市,  ,82.0,87.9,,
26214,京都府,木津川市,  ,83.3,88.5,,
26303,京都府,乙訓郡,大山崎町,82.6,88.5,,
26322,京都府,久世郡,久御山町,81.8,88.2,,
26343,京都府,綴喜郡,井手町,82.0,88.3,,
26344,京都府,綴喜郡,宇治田原町,82.3,88.0,,
26364,京都府,相楽郡,笠置町,82.3,88.2,,
26365,京都府,相楽郡,和束町,81.9,88.2,,
26366,京都府,相楽郡,精華町,83.1,88.5,,
26367,京都府,相楽郡,南山城村,82.2,88.2,,
26407,京都府,船井郡,京丹波町,82.1,88.0,,
26463,京都府,与謝郡,伊根町,82.0,88.3,,
26465,京都府,与謝郡,与謝野町,81.8,88.3,,
27102,大阪府,大阪市,都島区,80.1,87.0,,
27103,大阪府,大阪市,福島区,80.9,87.5,,
27104,大阪府,大阪市,此花区,79.6,86.8,,
27106,大阪府,大阪市,西区,80.1,87.3,,
27107,大阪府,大阪市,港区,79.2,86.5,,
27108,大阪府,大阪市,大正区,78.8,86.6,,
27109,大阪府,大阪市,天王寺区,81.5,87.4,,
27111,大阪府,大阪市,浪速区,77.9,85.9,,
27113,大阪府,大阪市,西淀川区,79.8,86.7,,
27114,大阪府,大阪市,東淀川区,79.1,86.5,,
27115,大阪府,大阪市,東成区,79.9,87.0,,
27116,大阪府,大阪市,生野区,78.0,86.3,,
27117,大阪府,大阪市,旭区,79.2,86.9,,
27118,大阪府,大阪市,城東区,80.4,87.0,,
27119,大阪府,大阪市,阿倍野区,81.8,87.7,,
27120,大阪府,大阪市,住吉区,80.0,87.2,,
27121,大阪府,大阪市,東住吉区,79.3,86.5,,
27122,大阪府,大阪市,西成区,73.2,84.9,,
27123,大阪府,大阪市,淀川区,80.4,87.0,,
27124,大阪府,大阪市,鶴見区,80.4,86.9,,
27125,大阪府,大阪市,住之江区,79.7,86.4,,
27126,大阪府,大阪市,平野区,78.7,86.3,,
27127,大阪府,大阪市,北区,81.4,87.1,,
27128,大阪府,大阪市,中央区,81.3,87.1,,
27141,大阪府,堺市,堺区,80.7,87.0,,
27142,大阪府,堺市,中区,80.6,87.5,,
27143,大阪府,堺市,東区,81.2,87.5,,
27144,大阪府,堺市,西区,80.8,87.3,,
27145,大阪府,堺市,南区,81.8,88.3,,
27146,大阪府,堺市,北区,81.3,87.6,,
27147,大阪府,堺市,美原区,81.1,87.3,,
27202,大阪府,岸和田市,  ,80.0,87.3,,
27203,大阪府,豊中市,  ,81.9,88.0,,
27204,大阪府,池田市,  ,82.8,88.3,,
27205,大阪府,吹田市,  ,83.1,88.5,,
27206,大阪府,泉大津市,  ,80.9,87.1,,
27207,大阪府,高槻市,  ,82.9,88.4,,
27208,大阪府,貝塚市,  ,80.9,87.2,,
27209,大阪府,守口市,  ,80.3,86.7,,
27210,大阪府,枚方市,  ,82.2,88.0,,
27211,大阪府,茨木市,  ,82.4,88.3,,
27212,大阪府,八尾市,  ,80.8,87.0,,
27213,大阪府,泉佐野市,  ,80.7,87.1,,
27214,大阪府,富田林市,  ,81.1,87.6,,
27215,大阪府,寝屋川市,  ,80.4,87.2,,
27216,大阪府,河内長野市,  ,82.1,87.8,,
27217,大阪府,松原市,  ,80.6,86.7,,
27218,大阪府,大東市,  ,80.5,87.2,,
27219,大阪府,和泉市,  ,81.7,87.6,,
27220,大阪府,箕面市,  ,83.2,88.3,,
27221,大阪府,柏原市,  ,81.2,87.4,,
27222,大阪府,羽曳野市,  ,80.7,87.4,,
27223,大阪府,門真市,  ,79.6,86.7,,
27224,大阪府,摂津市,  ,81.6,87.4,,
27225,大阪府,高石市,  ,81.0,86.7,,
27226,大阪府,藤井寺市,  ,81.3,87.5,,
27227,大阪府,東大阪市,  ,80.6,86.7,,
27228,大阪府,泉南市,  ,80.5,87.1,,
27229,大阪府,四條畷市,  ,80.5,87.5,,
27230,大阪府,交野市,  ,82.2,87.8,,
27231,大阪府,大阪狭山市,  ,81.8,88.1,,
27232,大阪府,阪南市,  ,81.3,87.5,,
27301,大阪府,三島郡,島本町,82.0,87.9,,
27321,大阪府,豊能郡,豊能町,82.8,88.2,,
27322,大阪府,豊能郡,能勢町,81.2,87.1,,
27341,大阪府,泉北郡,忠岡町,80.8,87.5,,
27361,大阪府,泉南郡,熊取町,81.8,87.6,,
27362,大阪府,泉南郡,田尻町,81.4,87.2,,
27366,大阪府,泉南郡,岬町,80.9,87.4,,
27381,大阪府,南河内郡,太子町,81.8,87.7,,
27382,大阪府,南河内郡,河南町,81.7,87.8,,
27383,大阪府,南河内郡,千早赤阪村,81.1,87.4,,
28101,兵庫県,神戸市,東灘区,82.8,88.6,,
28102,兵庫県,神戸市,灘区,82.1,88.2,,
28105,兵庫県,神戸市,兵庫区,79.4,87.1,,
28106,兵庫県,神戸市,長田区,79.6,87.0,,
28107,兵庫県,神戸市,須磨区,82.2,88.1,,
28108,兵庫県,神戸市,垂水区,81.7,88.0,,
28109,兵庫県,神戸市,北区,82.3,88.2,,
28110,兵庫県,神戸市,中央区,81.4,88.1,,
28111,兵庫県,神戸市,西区,82.6,88.3,,
28201,兵庫県,姫路市,  ,80.8,87.1,,
28202,兵庫県,尼崎市,  ,80.6,87.3,,
28203,兵庫県,明石市,  ,81.5,87.7,,
28204,兵庫県,西宮市,  ,82.4,88.2,,
28205,兵庫県,洲本市,  ,81.7,88.1,,
28206,兵庫県,芦屋市,  ,83.0,88.9,,
28207,兵庫県,伊丹市,  ,82.2,88.2,,
28208,兵庫県,相生市,  ,81.7,87.9,,
28209,兵庫県,豊岡市,  ,81.7,87.7,,
28210,兵庫県,加古川市,  ,81.6,87.6,,
28212,兵庫県,赤穂市,  ,81.7,87.9,,
28213,兵庫県,西脇市,  ,81.6,87.8,,
28214,兵庫県,宝塚市,  ,82.8,88.4,,
28215,兵庫県,三木市,  ,82.7,88.3,,
28216,兵庫県,高砂市,  ,81.1,87.0,,
28217,兵庫県,川西市,  ,82.3,88.5,,
28218,兵庫県,小野市,  ,82.3,88.0,,
28219,兵庫県,三田市,  ,82.7,88.3,,
28220,兵庫県,加西市,  ,82.2,88.2,,
28221,兵庫県,丹波篠山市,  ,81.9,88.0,,
28222,兵庫県,養父市,  ,81.4,88.0,,
28223,兵庫県,丹波市,  ,81.9,88.1,,
28224,兵庫県,南あわじ市,  ,81.6,88.1,,
28225,兵庫県,朝来市,  ,81.3,88.0,,
28226,兵庫県,淡路市,  ,81.8,87.9,,
28227,兵庫県,宍粟市,  ,81.4,87.3,,
28228,兵庫県,加東市,  ,82.1,88.3,,
28229,兵庫県,たつの市,  ,81.2,87.5,,
28301,兵庫県,川辺郡,猪名川町,82.6,88.4,,
28365,兵庫県,多可郡,多可町,81.9,87.9,,
28381,兵庫県,加古郡,稲美町,81.9,87.8,,
28382,兵庫県,加古郡,播磨町,81.5,87.5,,
28442,兵庫県,神崎郡,市川町,81.6,87.7,,
28443,兵庫県,神崎郡,福崎町,81.7,88.0,,
28446,兵庫県,神崎郡,神河町,81.7,88.0,,
28464,兵庫県,揖保郡,太子町,81.7,87.8,,
28481,兵庫県,赤穂郡,上郡町,81.8,88.0,,
28501,兵庫県,佐用郡,佐用町,81.8,88.1,,
28585,兵庫県,美方郡,香美町,81.2,88.1,,
28586,兵庫県,美方郡,新温泉町,81.6,88.1,,
29201,奈良県,奈良市,  ,82.8,88.4,,
29202,奈良県,大和高田市,  ,80.8,86.9,,
29203,奈良県,大和郡山市,  ,82.3,88.0,,
29204,奈良県,天理市,  ,81.9,87.4,,
29205,奈良県,橿原市,  ,82.7,87.8,,
29206,奈良県,桜井市,  ,81.8,87.7,,
29207,奈良県,五條市,  ,81.7,87.0,,
29208,奈良県,御所市,  ,81.5,87.2,,
29209,奈良県,生駒市,  ,83.2,88.0,,
29210,奈良県,香芝市,  ,83.1,88.7,,
29211,奈良県,葛城市,  ,82.6,87.8,,
29212,奈良県,宇陀市,  ,82.1,88.1,,
29322,奈良県,山辺郡,山添村,82.1,87.8,,
29342,奈良県,生駒郡,平群町,82.6,88.4,,
29343,奈良県,生駒郡,三郷町,82.7,88.2,,
29344,奈良県,生駒郡,斑鳩町,83.0,88.0,,
29345,奈良県,生駒郡,安堵町,82.0,87.6,,
29361,奈良県,磯城郡,川西町,82.6,87.4,,
29362,奈良県,磯城郡,三宅町,82.1,87.5,,
29363,奈良県,磯城郡,田原本町,82.5,88.5,,
29385,奈良県,宇陀郡,曽爾村,82.4,88.1,,
29386,奈良県,宇陀郡,御杖村,82.3,88.0,,
29401,奈良県,高市郡,高取町,82.4,88.2,,
29402,奈良県,高市郡,明日香村,82.4,87.5,,
29424,奈良県,北葛城郡,上牧町,82.3,87.7,,
29425,奈良県,北葛城郡,王寺町,82.3,87.9,,
29426,奈良県,北葛城郡,広陵町,82.6,88.4,,
29427,奈良県,北葛城郡,河合町,82.9,88.4,,
29441,奈良県,吉野郡,吉野町,82.1,86.7,,
29442,奈良県,吉野郡,大淀町,82.0,87.4,,
29443,奈良県,吉野郡,下市町,82.2,87.6,,
29444,奈良県,吉野郡,黒滝村,82.4,88.0,,
29446,奈良県,吉野郡,天川村,82.3,88.1,,
29447,奈良県,吉野郡,野迫川村,82.5,88.1,,
29449,奈良県,吉野郡,十津川村,82.2,88.0,,
29450,奈良県,吉野郡,下北山村,82.3,87.8,,
29451,奈良県,吉野郡,上北山村,82.4,87.8,,
29452,奈良県,吉野郡,川上村,82.0,87.9,,
29453,奈良県,吉野郡,東吉野村,82.0,87.9,,
30201,和歌山県,和歌山市,  ,81.0,87.2,,
30202,和歌山県,海南市,  ,81.8,87.7,,
30203,和歌山県,橋本市,  ,81.8,87.3,,
30204,和歌山県,有田市,  ,81.0,87.8,,
30205,和歌山県,御坊市,  ,80.3,86.9,,
30206,和歌山県,田辺市,  ,80.4,87.7,,
30207,和歌山県,新宮市,  ,81.4,87.3,,
30208,和歌山県,紀の川市,  ,81.3,87.7,,
30209,和歌山県,岩出市,  ,81.7,87.7,,
30304,和歌山県,海草郡,紀美野町,81.3,87.7,,
30341,和歌山県,伊都郡,かつらぎ町,81.4,87.7,,
30343,和歌山県,伊都郡,九度山町,81.1,87.0,,
30344,和歌山県,伊都郡,高野町,81.0,87.1,,
30361,和歌山県,有田郡,湯浅町,80.9,87.5,,
30362,和歌山県,有田郡,広川町,81.1,87.4,,
30366,和歌山県,有田郡,有田川町,81.5,87.7,,
30381,和歌山県,日高郡,美浜町,80.6,87.3,,
30382,和歌山県,日高郡,日高町,81.5,87.4,,
30383,和歌山県,日高郡,由良町,80.3,87.0,,
30390,和歌山県,日高郡,印南町,81.5,87.1,,
30391,和歌山県,日高郡,みなべ町,81.1,87.6,,
30392,和歌山県,日高郡,日高川町,81.4,87.3,,
30401,和歌山県,西牟婁郡,白浜町,79.9,86.7,,
30404,和歌山県,西牟婁郡,上富田町,81.3,87.1,,
30406,和歌山県,西牟婁郡,すさみ町,80.5,87.4,,
30421,和歌山県,東牟婁郡,那智勝浦町,80.5,87.2,,
30422,和歌山県,東牟婁郡,太地町,80.2,87.1,,
30424,和歌山県,東牟婁郡,古座川町,80.4,87.8,,
30427,和歌山県,東牟婁郡,北山村,81.0,87.5,,
30428,和歌山県,東牟婁郡,串本町,80.1,87.1,,
31201,鳥取県,鳥取市,  ,81.7,88.0,,
31202,鳥取県,米子市,  ,81.2,88.0,,
31203,鳥取県,倉吉市,  ,81.3,87.9,,
31204,鳥取県,境港市,  ,81.3,87.8,,
31302,鳥取県,岩美郡,岩美町,81.4,88.1,,
31325,鳥取県,八頭郡,若桜町,81.3,87.6,,
31328,鳥取県,八頭郡,智頭町,81.1,88.6,,
31329,鳥取県,八頭郡,八頭町,81.1,87.8,,
31364,鳥取県,東伯郡,三朝町,81.1,87.9,,
31370,鳥取県,東伯郡,湯梨浜町,80.7,87.3,,
31371,鳥取県,東伯郡,琴浦町,81.4,87.9,,
31372,鳥取県,東伯郡,北栄町,81.0,87.5,,
31384,鳥取県,西伯郡,日吉津村,81.2,88.1,,
31386,鳥取県,西伯郡,大山町,81.2,87.8,,
31389,鳥取県,西伯郡,南部町,81.2,87.6,,
31390,鳥取県,西伯郡,伯耆町,81.7,87.9,,
31401,鳥取県,日野郡,日南町,81.5,87.9,,
31402,鳥取県,日野郡,日野町,81.5,88.1,,
31403,鳥取県,日野郡,江府町,81.4,88.0,,
32201,島根県,松江市,  ,81.8,88.4,,
32202,島根県,浜田市,  ,81.1,87.6,,
32203,島根県,出雲市,  ,82.1,88.4,,
32204,島根県,益田市,  ,80.9,88.1,,
32205,島根県,大田市,  ,81.5,88.0,,
32206,島根県,安来市,  ,81.8,88.1,,
32207,島根県,江津市,  ,81.1,87.8,,
32209,島根県,雲南市,  ,81.8,88.3,,
32343,島根県,仁多郡,奥出雲町,82.3,88.6,,
32386,島根県,飯石郡,飯南町,81.9,88.4,,
32441,島根県,邑智郡,川本町,81.7,88.1,,
32448,島根県,邑智郡,美郷町,81.5,88.2,,
32449,島根県,邑智郡,邑南町,81.8,88.4,,
32501,島根県,鹿足郡,津和野町,81.2,88.2,,
32505,島根県,鹿足郡,吉賀町,81.9,88.1,,
32525,島根県,隠岐郡,海士町,81.7,88.4,,
32526,島根県,隠岐郡,西ノ島町,81.5,88.0,,
32527,島根県,隠岐郡,知夫村,81.5,88.3,,
32528,島根県,隠岐郡,隠岐の島町,80.7,88.2,,
33101,岡山県,岡山市,北区,82.4,88.4,,
33102,岡山県,岡山市,中区,82.3,88.6,,
33103,岡山県,岡山市,東区,82.2,88.4,,
33104,岡山県,岡山市,南区,82.1,88.4,,
33202,岡山県,倉敷市,  ,82.1,88.3,,
33203,岡山県,津山市,  ,81.5,88.2,,
33204,岡山県,玉野市,  ,81.6,87.8,,
33205,岡山県,笠岡市,  ,81.6,88.0,,
33207,岡山県,井原市,  ,81.8,88.3,,
33208,岡山県,総社市,  ,82.0,88.5,,
33209,岡山県,高梁市,  ,81.6,88.4,,
33210,岡山県,新見市,  ,81.6,88.5,,
33211,岡山県,備前市,  ,81.2,87.8,,
33212,岡山県,瀬戸内市,  ,81.8,88.0,,
33213,岡山県,赤磐市,  ,82.1,88.4,,
33214,岡山県,真庭市,  ,81.5,88.3,,
33215,岡山県,美作市,  ,81.2,88.2,,
33216,岡山県,浅口市,  ,82.2,88.5,,
33346,岡山県,和気郡,和気町,81.8,88.4,,
33423,岡山県,都窪郡,早島町,82.2,88.4,,
33445,岡山県,浅口郡,里庄町,82.1,88.8,,
33461,岡山県,小田郡,矢掛町,81.9,88.6,,
33586,岡山県,真庭郡,新庄村,81.8,88.3,,
33606,岡山県,苫田郡,鏡野町,81.9,88.2,,
33622,岡山県,勝田郡,勝央町,81.9,88.4,,
33623,岡山県,勝田郡,奈義町,82.0,88.4,,
33643,岡山県,英田郡,西粟倉村,81.9,88.3,,
33663,岡山県,久米郡,久米南町,81.8,88.3,,
33666,岡山県,久米郡,美咲町,80.7,88.0,,
33681,岡山県,加賀郡,吉備中央町,81.9,88.2,,
34101,広島県,広島市,中区,82.1,88.1,,
34102,広島県,広島市,東区,82.5,88.3,,
34103,広島県,広島市,南区,82.1,88.6,,
34104,広島県,広島市,西区,82.3,88.4,,
34105,広島県,広島市,安佐南区,83.0,88.5,,
34106,広島県,広島市,安佐北区,82.4,88.2,,
34107,広島県,広島市,安芸区,82.7,88.7,,
34108,広島県,広島市,佐伯区,83.0,88.5,,
34202,広島県,呉市,  ,80.7,87.7,,
34203,広島県,竹原市,  ,81.7,88.0,,
34204,広島県,三原市,  ,81.6,87.8,,
34205,広島県,尾道市,  ,81.1,87.9,,
34207,広島県,福山市,  ,81.5,88.0,,
34208,広島県,府中市,  ,81.9,88.0,,
34209,広島県,三次市,  ,81.8,88.0,,
34210,広島県,庄原市,  ,81.7,88.6,,
34211,広島県,大竹市,  ,82.0,88.1,,
34212,広島県,東広島市,  ,82.6,88.3,,
34213,広島県,廿日市市,  ,82.6,88.5,,
34214,広島県,安芸高田市,  ,81.8,88.6,,
34215,広島県,江田島市,  ,81.4,87.5,,
34302,広島県,安芸郡,府中町,82.8,88.5,,
34304,広島県,安芸郡,海田町,81.8,88.2,,
34307,広島県,安芸郡,熊野町,81.9,88.2,,
34309,広島県,安芸郡,坂町,81.7,88.1,,
34368,広島県,山県郡,安芸太田町,81.8,88.3,,
34369,広島県,山県郡,北広島町,81.8,88.3,,
34431,広島県,豊田郡,大崎上島町,81.8,87.9,,
34462,広島県,世羅郡,世羅町,82.2,88.4,,
34545,広島県,神石郡,神石高原町,82.3,88.2,,
35201,山口県,下関市,  ,80.7,87.4,,
35202,山口県,宇部市,  ,81.4,87.2,,
35203,山口県,山口市,  ,81.8,88.3,,
35204,山口県,萩市,  ,80.8,87.1,,
35206,山口県,防府市,  ,81.2,87.1,,
35207,山口県,下松市,  ,81.4,87.4,,
35208,山口県,岩国市,  ,81.2,87.2,,
35210,山口県,光市,  ,81.5,87.7,,
35211,山口県,長門市,  ,80.9,87.5,,
35212,山口県,柳井市,  ,80.8,87.3,,
35213,山口県,美祢市,  ,81.0,87.5,,
35215,山口県,周南市,  ,81.1,87.4,,
35216,山口県,山陽小野田市,  ,80.6,87.3,,
35305,山口県,大島郡,周防大島町,80.5,87.0,,
35321,山口県,玖珂郡,和木町,81.1,87.5,,
35341,山口県,熊毛郡,上関町,80.2,87.3,,
35343,山口県,熊毛郡,田布施町,81.1,87.2,,
35344,山口県,熊毛郡,平生町,81.2,87.8,,
35502,山口県,阿武郡,阿武町,81.0,87.4,,
36201,徳島県,徳島市,  ,81.6,87.7,,
36202,徳島県,鳴門市,  ,81.2,86.9,,
36203,徳島県,小松島市,  ,81.5,87.6,,
36204,徳島県,阿南市,  ,81.6,87.5,,
36205,徳島県,吉野川市,  ,80.3,87.7,,
36206,徳島県,阿波市,  ,80.8,87.4,,
36207,徳島県,美馬市,  ,80.7,87.1,,
36208,徳島県,三好市,  ,80.4,86.5,,
36301,徳島県,勝浦郡,勝浦町,81.3,87.5,,
36302,徳島県,勝浦郡,上勝町,81.5,87.7,,
36321,徳島県,名東郡,佐那河内村,80.9,87.5,,
36341,徳島県,名西郡,石井町,81.5,87.1,,
36342,徳島県,名西郡,神山町,81.3,87.5,,
36368,徳島県,那賀郡,那賀町,81.7,87.0,,
36383,徳島県,海部郡,牟岐町,81.0,87.6,,
36387,徳島県,海部郡,美波町,81.4,87.0,,
36388,徳島県,海部郡,海陽町,80.8,87.0,,
36401,徳島県,板野郡,松茂町,81.8,87.3,,
36402,徳島県,板野郡,北島町,82.1,87.8,,
36403,徳島県,板野郡,藍住町,81.6,87.8,,
36404,徳島県,板野郡,板野町,80.7,87.6,,
36405,徳島県,板野郡,上板町,81.1,87.5,,
36468,徳島県,美馬郡,つるぎ町,80.6,86.7,,
36489,徳島県,三好郡,東みよし町,81.2,87.0,,
37201,香川県,高松市,  ,81.8,87.8,,
37202,香川県,丸亀市,  ,81.3,87.8,,
37203,香川県,坂出市,  ,80.3,87.5,,
37204,香川県,善通寺市,  ,81.1,87.3,,
37205,香川県,観音寺市,  ,81.2,87.7,,
37206,香川県,さぬき市,  ,82.1,87.8,,
37207,香川県,東かがわ市,  ,81.7,87.8,,
37208,香川県,三豊市,  ,81.5,87.4,,
37322,香川県,小豆郡,土庄町,81.7,87.6,,
37324,香川県,小豆郡,小豆島町,81.8,87.7,,
37341,香川県,木田郡,三木町,81.9,87.2,,
37364,香川県,香川郡,直島町,81.6,87.1,,
37386,香川県,綾歌郡,宇多津町,81.7,87.8,,
37387,香川県,綾歌郡,綾川町,81.6,87.8,,
37403,香川県,仲多度郡,琴平町,81.4,87.4,,
37404,香川県,仲多度郡,多度津町,82.1,87.8,,
37406,香川県,仲多度郡,まんのう町,81.3,87.5,,
38201,愛媛県,松山市,  ,81.4,87.5,,
38202,愛媛県,今治市,  ,80.4,87.3,,
38203,愛媛県,宇和島市,  ,80.5,86.5,,
38204,愛媛県,八幡浜市,  ,81.1,87.3,,
38205,愛媛県,新居浜市,  ,81.0,87.1,,
38206,愛媛県,西条市,  ,81.5,87.6,,
38207,愛媛県,大洲市,  ,81.3,87.3,,
38210,愛媛県,伊予市,  ,81.2,87.2,,
38213,愛媛県,四国中央市,  ,81.1,87.6,,
38214,愛媛県,西予市,  ,81.3,87.5,,
38215,愛媛県,東温市,  ,81.5,87.3,,
38356,愛媛県,越智郡,上島町,81.2,87.1,,
38386,愛媛県,上浮穴郡,久万高原町,81.0,87.4,,
38401,愛媛県,伊予郡,松前町,81.4,87.4,,
38402,愛媛県,伊予郡,砥部町,81.6,87.4,,
38422,愛媛県,喜多郡,内子町,80.9,87.7,,
38442,愛媛県,西宇和郡,伊方町,81.0,86.9,,
38484,愛媛県,北宇和郡,松野町,81.0,87.4,,
38488,愛媛県,北宇和郡,鬼北町,81.1,87.4,,
38506,愛媛県,南宇和郡,愛南町,80.9,86.8,,
39201,高知県,高知市,  ,81.0,87.9,,
39202,高知県,室戸市,  ,79.9,87.5,,
39203,高知県,安芸市,  ,80.1,88.1,,
39204,高知県,南国市,  ,81.5,88.0,,
39205,高知県,土佐市,  ,80.5,88.0,,
39206,高知県,須崎市,  ,80.2,87.7,,
39208,高知県,宿毛市,  ,80.7,88.1,,
39209,高知県,土佐清水市,  ,80.1,87.3,,
39210,高知県,四万十市,  ,81.3,88.4,,
39211,高知県,香南市,  ,81.5,87.7,,
39212,高知県,香美市,  ,81.1,88.3,,
39301,高知県,安芸郡,東洋町,79.8,87.2,,
39302,高知県,安芸郡,奈半利町,80.5,88.0,,
39303,高知県,安芸郡,田野町,80.9,88.2,,
39304,高知県,安芸郡,安田町,80.1,87.1,,
39305,高知県,安芸郡,北川村,80.7,87.7,,
39306,高知県,安芸郡,馬路村,80.1,87.7,,
39307,高知県,安芸郡,芸西村,81.0,87.5,,
39341,高知県,長岡郡,本山町,80.5,88.3,,
39344,高知県,長岡郡,大豊町,80.2,87.4,,
39363,高知県,土佐郡,土佐町,81.2,86.7,,
39364,高知県,土佐郡,大川村,80.7,87.9,,
39386,高知県,吾川郡,いの町,80.7,88.2,,
39387,高知県,吾川郡,仁淀川町,80.4,87.4,,
39401,高知県,高岡郡,中土佐町,79.6,88.0,,
39402,高知県,高岡郡,佐川町,80.5,88.0,,
39403,高知県,高岡郡,越知町,81.1,87.9,,
39405,高知県,高岡郡,檮原町,80.8,88.2,,
39410,高知県,高岡郡,日高村,81.3,88.1,,
39411,高知県,高岡郡,津野町,81.1,88.0,,
39412,高知県,高岡郡,四万十町,80.5,87.1,,
39424,高知県,幡多郡,大月町,79.5,87.8,,
39427,高知県,幡多郡,三原村,81.1,85.6,,
39428,高知県,幡多郡,黒潮町,80.8,87.2,,
40101,福岡県,北九州市,門司区,80.9,87.6,,
40103,福岡県,北九州市,若松区,81.2,87.7,,
40105,福岡県,北九州市,戸畑区,80.8,87.7,,
40106,福岡県,北九州市,小倉北区,80.5,87.5,,
40107,福岡県,北九州市,小倉南区,81.3,87.9,,
40108,福岡県,北九州市,八幡東区,80.9,87.7,,
40109,福岡県,北九州市,八幡西区,81.4,87.7,,
40131,福岡県,福岡市,東区,81.4,87.8,,
40132,福岡県,福岡市,博多区,80.9,87.3,,
40133,福岡県,福岡市,中央区,82.3,88.1,,
40134,福岡県,福岡市,南区,81.6,87.9,,
40135,福岡県,福岡市,西区,82.1,88.3,,
40136,福岡県,福岡市,城南区,81.8,88.0,,
40137,福岡県,福岡市,早良区,81.8,87.9,,
40202,福岡県,大牟田市,  ,80.5,87.2,,
40203,福岡県,久留米市,  ,81.3,87.2,,
40204,福岡県,直方市,  ,81.2,87.7,,
40205,福岡県,飯塚市,  ,80.6,87.4,,
40206,福岡県,田川市,  ,79.8,87.2,,
40207,福岡県,柳川市,  ,81.1,87.1,,
40210,福岡県,八女市,  ,81.2,87.5,,
40211,福岡県,筑後市,  ,81.6,87.9,,
40212,福岡県,大川市,  ,80.9,87.0,,
40213,福岡県,行橋市,  ,81.7,87.6,,
40214,福岡県,豊前市,  ,80.8,87.3,,
40215,福岡県,中間市,  ,81.3,87.2,,
40216,福岡県,小郡市,  ,82.4,88.3,,
40217,福岡県,筑紫野市,  ,82.0,88.2,,
40218,福岡県,春日市,  ,82.4,87.9,,
40219,福岡県,大野城市,  ,82.2,88.2,,
40220,福岡県,宗像市,  ,82.4,88.3,,
40221,福岡県,太宰府市,  ,82.3,88.4,,
40223,福岡県,古賀市,  ,82.2,87.6,,
40224,福岡県,福津市,  ,82.7,88.1,,
40225,福岡県,うきは市,  ,80.8,87.8,,
40226,福岡県,宮若市,  ,80.9,87.7,,
40227,福岡県,嘉麻市,  ,80.3,87.0,,
40228,福岡県,朝倉市,  ,81.3,87.9,,
40229,福岡県,みやま市,  ,81.4,87.5,,
40230,福岡県,糸島市,  ,82.0,88.0,,
40231,福岡県,那珂川市,  ,81.9,87.9,,
40341,福岡県,糟屋郡,宇美町,81.1,87.2,,
40342,福岡県,糟屋郡,篠栗町,81.6,88.0,,
40343,福岡県,糟屋郡,志免町,81.6,88.0,,
40344,福岡県,糟屋郡,須恵町,81.5,87.8,,
40345,福岡県,糟屋郡,新宮町,81.4,88.1,,
40348,福岡県,糟屋郡,久山町,81.7,87.8,,
40349,福岡県,糟屋郡,粕屋町,81.6,87.8,,
40381,福岡県,遠賀郡,芦屋町,80.8,87.6,,
40382,福岡県,遠賀郡,水巻町,80.7,87.4,,
40383,福岡県,遠賀郡,岡垣町,81.7,88.1,,
40384,福岡県,遠賀郡,遠賀町,81.6,88.0,,
40401,福岡県,鞍手郡,小竹町,81.3,87.3,,
40402,福岡県,鞍手郡,鞍手町,80.9,87.5,,
40421,福岡県,嘉穂郡,桂川町,81.5,87.2,,
40447,福岡県,朝倉郡,筑前町,81.5,88.0,,
40448,福岡県,朝倉郡,東峰村,81.3,87.7,,
40503,福岡県,三井郡,大刀洗町,81.4,87.6,,
40522,福岡県,三潴郡,大木町,81.3,87.9,,
40544,福岡県,八女郡,広川町,81.5,87.9,,
40601,福岡県,田川郡,香春町,80.9,87.5,,
40602,福岡県,田川郡,添田町,80.7,87.6,,
40604,福岡県,田川郡,糸田町,80.3,87.2,,
40605,福岡県,田川郡,川崎町,79.8,86.8,,
40608,福岡県,田川郡,大任町,80.8,87.6,,
40609,福岡県,田川郡,赤村,81.1,87.6,,
40610,福岡県,田川郡,福智町,79.8,87.3,,
40621,福岡県,京都郡,苅田町,81.1,87.7,,
40625,福岡県,京都郡,みやこ町,81.6,87.8,,
40642,福岡県,築上郡,吉富町,81.6,87.9,,
40646,福岡県,築上郡,上毛町,81.4,87.7,,
40647,福岡県,築上郡,築上町,81.4,87.5,,
41201,佐賀県,佐賀市,  ,81.7,87.8,,
41202,佐賀県,唐津市,  ,80.3,87.6,,
41203,佐賀県,鳥栖市,  ,81.8,87.4,,
41204,佐賀県,多久市,  ,81.3,87.7,,
41205,佐賀県,伊万里市,  ,80.7,87.7,,
41206,佐賀県,武雄市,  ,81.7,87.9,,
41207,佐賀県,鹿島市,  ,81.5,87.7,,
41208,佐賀県,小城市,  ,82.0,88.1,,
41209,佐賀県,嬉野市,  ,81.8,87.9,,
41210,佐賀県,神埼市,  ,81.4,87.7,,
41327,佐賀県,神埼郡,吉野ヶ里町,82.3,87.3,,
41341,佐賀県,三養基郡,基山町,82.3,87.8,,
41345,佐賀県,三養基郡,上峰町,81.9,87.7,,
41346,佐賀県,三養基郡,みやき町,81.9,87.8,,
41387,佐賀県,東松浦郡,玄海町,80.6,87.6,,
41401,佐賀県,西松浦郡,有田町,81.0,88.4,,
41423,佐賀県,杵島郡,大町町,80.9,87.8,,
41424,佐賀県,杵島郡,江北町,81.0,87.7,,
41425,佐賀県,杵島郡,白石町,81.4,88.3,,
41441,佐賀県,藤津郡,太良町,81.3,87.9,,
42201,長崎県,長崎市,  ,81.2,87.4,,
42202,長崎県,佐世保市,  ,80.5,87.2,,
42203,長崎県,島原市,  ,81.0,87.8,,
42204,長崎県,諫早市,  ,81.6,87.9,,
42205,長崎県,大村市,  ,81.7,87.2,,
42207,長崎県,平戸市,  ,80.6,87.4,,
42208,長崎県,松浦市,  ,80.5,87.0,,
42209,長崎県,対馬市,  ,80.9,87.3,,
42210,長崎県,壱岐市,  ,80.4,87.1,,
42211,長崎県,五島市,  ,80.5,86.9,,
42212,長崎県,西海市,  ,81.1,87.1,,
42213,長崎県,雲仙市,  ,80.7,87.8,,
42214,長崎県,南島原市,  ,81.1,87.2,,
42307,長崎県,西彼杵郡,長与町,82.0,88.4,,
42308,長崎県,西彼杵郡,時津町,81.3,87.5,,
42321,長崎県,東彼杵郡,東彼杵町,80.9,87.6,,
42322,長崎県,東彼杵郡,川棚町,81.0,87.4,,
42323,長崎県,東彼杵郡,波佐見町,80.8,87.6,,
42383,長崎県,北松浦郡,小値賀町,80.8,87.4,,
42391,長崎県,北松浦郡,佐々町,81.6,87.6,,
42411,長崎県,南松浦郡,新上五島町,80.0,87.2,,
43101,熊本県,熊本市,中央区,82.0,88.1,,
43102,熊本県,熊本市,東区,82.5,88.4,,
43103,熊本県,熊本市,西区,82.1,88.3,,
43104,熊本県,熊本市,南区,82.3,88.7,,
43105,熊本県,熊本市,北区,82.4,88.1,,
43202,熊本県,八代市,  ,82.0,87.7,,
43203,熊本県,人吉市,  ,81.7,88.0,,
43204,熊本県,荒尾市,  ,81.0,87.9,,
43205,熊本県,水俣市,  ,82.0,87.9,,
43206,熊本県,玉名市,  ,82.0,88.0,,
43208,熊本県,山鹿市,  ,81.4,87.9,,
43210,熊本県,菊池市,  ,81.9,88.2,,
43211,熊本県,宇土市,  ,82.0,88.7,,
43212,熊本県,上天草市,  ,80.8,88.2,,
43213,熊本県,宇城市,  ,82.0,88.1,,
43214,熊本県,阿蘇市,  ,81.4,88.0,,
43215,熊本県,天草市,  ,80.6,88.2,,
43216,熊本県,合志市,  ,82.5,88.6,,
43348,熊本県,下益城郡,美里町,81.8,88.6,,
43364,熊本県,玉名郡,玉東町,81.6,88.3,,
43367,熊本県,玉名郡,南関町,82.3,88.1,,
43368,熊本県,玉名郡,長洲町,81.8,88.0,,
43369,熊本県,玉名郡,和水町,82.2,87.8,,
43403,熊本県,菊池郡,大津町,82.4,88.5,,
43404,熊本県,菊池郡,菊陽町,83.1,88.6,,
43423,熊本県,阿蘇郡,南小国町,81.9,88.1,,
43424,熊本県,阿蘇郡,小国町,81.8,88.5,,
43425,熊本県,阿蘇郡,産山村,81.9,88.3,,
43428,熊本県,阿蘇郡,高森町,81.9,88.5,,
43432,熊本県,阿蘇郡,西原村,81.9,88.4,,
43433,熊本県,阿蘇郡,南阿蘇村,81.9,88.4,,
43441,熊本県,上益城郡,御船町,81.7,88.1,,
43442,熊本県,上益城郡,嘉島町,81.6,88.2,,
43443,熊本県,上益城郡,益城町,82.5,89.0,,
43444,熊本県,上益城郡,甲佐町,82.4,88.5,,
43447,熊本県,上益城郡,山都町,80.5,88.5,,
43468,熊本県,八代郡,氷川町,81.2,88.2,,
43482,熊本県,葦北郡,芦北町,81.3,88.0,,
43484,熊本県,葦北郡,津奈木町,81.9,88.3,,
43501,熊本県,球磨郡,錦町,81.3,88.2,,
43505,熊本県,球磨郡,多良木町,81.2,88.4,,
43506,熊本県,球磨郡,湯前町,81.5,88.2,,
43507,熊本県,球磨郡,水上村,81.9,88.5,,
43510,熊本県,球磨郡,相良村,81.7,87.9,,
43511,熊本県,球磨郡,五木村,81.4,88.3,,
43512,熊本県,球磨郡,山江村,81.9,88.2,,
43514,熊本県,球磨郡,あさぎり町,82.1,87.9,,
43531,熊本県,天草郡,苓北町,82.1,88.5,,
44201,大分県,大分市,  ,82.6,88.3,,
44202,大分県,別府市,  ,81.4,87.7,,
44203,大分県,中津市,  ,81.0,87.8,,
44204,大分県,日田市,  ,81.1,87.6,,
44205,大分県,佐伯市,  ,81.5,87.7,,
44206,大分県,臼杵市,  ,82.0,88.0,,
44207,大分県,津久見市,  ,81.3,87.9,,
44208,大分県,竹田市,  ,81.7,88.3,,
44209,大分県,豊後高田市,  ,81.6,88.2,,
44210,大分県,杵築市,  ,82.3,88.0,,
44211,大分県,宇佐市,  ,81.7,87.8,,
44212,大分県,豊後大野市,  ,82.3,88.0,,
44213,大分県,由布市,  ,81.8,88.0,,
44214,大分県,国東市,  ,81.6,88.0,,
44322,大分県,東国東郡,姫島村,81.9,88.1,,
44341,大分県,速見郡,日出町,82.2,88.0,,
44461,大分県,玖珠郡,九重町,82.1,88.0,,
44462,大分県,玖珠郡,玖珠町,81.7,87.6,,
45201,宮崎県,宮崎市,  ,82.0,87.9,,
45202,宮崎県,都城市,  ,80.6,87.4,,
45203,宮崎県,延岡市,  ,80.9,87.6,,
45204,宮崎県,日南市,  ,80.9,87.3,,
45205,宮崎県,小林市,  ,80.7,87.8,,
45206,宮崎県,日向市,  ,81.4,87.8,,
45207,宮崎県,串間市,  ,80.4,87.1,,
45208,宮崎県,西都市,  ,81.0,87.1,,
45209,宮崎県,えびの市,  ,80.4,87.2,,
45341,宮崎県,北諸県郡,三股町,81.3,87.7,,
45361,宮崎県,西諸県郡,高原町,80.3,87.5,,
45382,宮崎県,東諸県郡,国富町,81.0,87.3,,
45383,宮崎県,東諸県郡,綾町,81.5,87.8,,
45401,宮崎県,児湯郡,高鍋町,80.8,87.5,,
45402,宮崎県,児湯郡,新富町,81.1,87.7,,
45403,宮崎県,児湯郡,西米良村,81.1,87.6,,
45404,宮崎県,児湯郡,木城町,80.5,87.6,,
45405,宮崎県,児湯郡,川南町,81.5,87.4,,
45406,宮崎県,児湯郡,都農町,81.0,87.3,,
45421,宮崎県,東臼杵郡,門川町,80.6,87.8,,
45429,宮崎県,東臼杵郡,諸塚村,81.1,87.8,,
45430,宮崎県,東臼杵郡,椎葉村,81.5,87.2,,
45431,宮崎県,東臼杵郡,美郷町,80.1,87.5,,
45441,宮崎県,西臼杵郡,高千穂町,81.5,87.9,,
45442,宮崎県,西臼杵郡,日之影町,81.1,87.8,,
45443,宮崎県,西臼杵郡,五ヶ瀬町,81.2,87.7,,
46201,鹿児島県,鹿児島市,  ,81.5,87.9,,
46203,鹿児島県,鹿屋市,  ,81.5,86.8,,
46204,鹿児島県,枕崎市,  ,80.0,87.0,,
46206,鹿児島県,阿久根市,  ,80.7,87.2,,
46208,鹿児島県,出水市,  ,81.0,87.7,,
46210,鹿児島県,指宿市,  ,81.3,87.4,,
46213,鹿児島県,西之表市,  ,80.4,87.4,,
46214,鹿児島県,垂水市,  ,81.1,87.3,,
46215,鹿児島県,薩摩川内市,  ,81.5,87.7,,
46216,鹿児島県,日置市,  ,81.8,87.9,,
46217,鹿児島県,曽於市,  ,80.3,87.3,,
46218,鹿児島県,霧島市,  ,81.4,87.5,,
46219,鹿児島県,いちき串木野市,  ,81.3,87.8,,
46220,鹿児島県,南さつま市,  ,80.6,87.4,,
46221,鹿児島県,志布志市,  ,80.5,87.1,,
46222,鹿児島県,奄美市,  ,79.2,87.4,,
46223,鹿児島県,南九州市,  ,80.6,87.6,,
46224,鹿児島県,伊佐市,  ,80.4,87.0,,
46225,鹿児島県,姶良市,  ,81.3,88.0,,
46303,鹿児島県,鹿児島郡,三島村,81.1,87.6,,
46304,鹿児島県,鹿児島郡,十島村,80.9,87.6,,
46392,鹿児島県,薩摩郡,さつま町,81.6,88.0,,
46404,鹿児島県,出水郡,長島町,80.7,87.4,,
46452,鹿児島県,姶良郡,湧水町,80.9,87.6,,
46468,鹿児島県,曽於郡,大崎町,79.9,87.2,,
46482,鹿児島県,肝属郡,東串良町,80.1,87.1,,
46490,鹿児島県,肝属郡,錦江町,80.8,87.2,,
46491,鹿児島県,肝属郡,南大隅町,80.2,87.4,,
46492,鹿児島県,肝属郡,肝付町,80.6,86.7,,
46501,鹿児島県,熊毛郡,中種子町,80.2,87.8,,
46502,鹿児島県,熊毛郡,南種子町,81.0,87.5,,
46505,鹿児島県,熊毛郡,屋久島町,80.5,87.5,,
46523,鹿児島県,大島郡,大和村,80.9,87.3,,
46524,鹿児島県,大島郡,宇検村,80.8,87.7,,
46525,鹿児島県,大島郡,瀬戸内町,80.4,87.3,,
46527,鹿児島県,大島郡,龍郷町,80.7,87.5,,
46529,鹿児島県,大島郡,喜界町,80.6,87.6,,
46530,鹿児島県,大島郡,徳之島町,79.7,87.2,,
46531,鹿児島県,大島郡,天城町,79.1,87.3,,
46532,鹿児島県,大島郡,伊仙町,79.8,87.2,,
46533,鹿児島県,大島郡,和泊町,80.5,87.3,,
46534,鹿児島県,大島郡,知名町,80.7,87.0,,
46535,鹿児島県,大島郡,与論町,80.5,88.0,,
47201,沖縄県,那覇市,  ,80.7,87.8,,
47205,沖縄県,宜野湾市,  ,81.3,88.2,,
47207,沖縄県,石垣市,  ,80.9,87.9,,
47208,沖縄県,浦添市,  ,81.2,88.0,,
47209,沖縄県,名護市,  ,80.8,88.0,,
47210,沖縄県,糸満市,  ,80.2,87.4,,
47211,沖縄県,沖縄市,  ,80.5,87.5,,
47212,沖縄県,豊見城市,  ,81.1,88.7,,
47213,沖縄県,うるま市,  ,80.4,87.3,,
47214,沖縄県,宮古島市,  ,79.4,87.7,,
47215,沖縄県,南城市,  ,80.8,87.7,,
47301,沖縄県,国頭郡,国頭村,80.6,88.2,,
47302,沖縄県,国頭郡,大宜味村,81.2,87.8,,
47303,沖縄県,国頭郡,東村,80.5,87.9,,
47306,沖縄県,国頭郡,今帰仁村,80.8,88.5,,
47308,沖縄県,国頭郡,本部町,80.5,88.0,,
47311,沖縄県,国頭郡,恩納村,81.1,88.0,,
47313,沖縄県,国頭郡,宜野座村,80.7,87.4,,
47314,沖縄県,国頭郡,金武町,79.9,87.4,,
47315,沖縄県,国頭郡,伊江村,81.1,87.8,,
47324,沖縄県,中頭郡,読谷村,81.0,87.8,,
47325,沖縄県,中頭郡,嘉手納町,80.4,87.5,,
47326,沖縄県,中頭郡,北谷町,80.7,88.0,,
47327,沖縄県,中頭郡,北中城村,81.3,88.7,,
47328,沖縄県,中頭郡,中城村,80.6,88.2,,
47329,沖縄県,中頭郡,西原町,82.1,88.5,,
47348,沖縄県,島尻郡,与那原町,80.9,88.0,,
47350,沖縄県,島尻郡,南風原町,81.4,88.5,,
47353,沖縄県,島尻郡,渡嘉敷村,80.9,88.0,,
47354,沖縄県,島尻郡,座間味村,80.5,87.8,,
47355,沖縄県,島尻郡,粟国村,80.8,88.0,,
47356,沖縄県,島尻郡,渡名喜村,80.8,87.8,,
47357,沖縄県,島尻郡,南大東村,80.9,87.7,,
47358,沖縄県,島尻郡,北大東村,80.8,87.9,,
47359,沖縄県,島尻郡,伊平屋村,80.6,87.9,,
47360,沖縄県,島尻郡,伊是名村,80.3,87.6,,
47361,沖縄県,島尻郡,久米島町,80.1,87.8,,
47362,沖縄県,島尻郡,八重瀬町,81.2,88.0,,
47375,沖縄県,宮古郡,多良間村,80.5,87.9,,
47381,沖縄県,八重山郡,竹富町,80.3,88.0,,
47382,沖縄県,八重山郡,与那国町,80.3,87.9,,
,,,,,,,
,,,,,,,
